project_code,archetype,year,quarter,gross_sales,productivity_increase,employment_generated,employment_increase,man_months,cost_to_sales_ratio,gross_margin,labor_cost_share,material_cost_ratio,repayment_days_late,repayment_overdue_count,repayment_completion_ratio,sales_trend_3q,sales_volatility,sales_vs_baseline_ratio,regular_employment_ratio,avg_workdays_per_employee,market_count,interventions_availed_count,report_days_late,problems_reported_count,label,outcome,triggered
SETUP-0001,growing,2022,2,75620.0,8.206338985476139,13,8.333333333333332,38.95,0.7523263686855329,0.2476736313144671,0.33305648774883584,0.23895794763290135,3.0,1.0,0.5,0.07882890622315385,0.0,1.1831094155608457,0.3076923076923077,59.92307692307692,3.0,1.0,0.0,1.0,0,Routine Monitoring,
SETUP-0001,growing,2022,3,99370.0,31.4070351758794,13,8.333333333333332,39.8,0.5418424071651404,0.4581575928348596,0.3259307451607344,0.2863037133943846,2.0,1.0,0.6666666666666667,0.18061255742725882,0.1160034809520163,1.5546890058751819,0.46153846153846156,61.23076923076923,5.0,1.0,0.0,0.0,0,Routine Monitoring,
SETUP-0001,growing,2022,4,99090.0,-0.28177518365703935,12,0.0,37.6,0.657845998587143,0.342154001412857,0.3263323881400228,0.22671308911090926,2.0,2.0,0.5,0.1295073626677133,0.13393618247634437,1.5503082780735813,0.5,62.666666666666664,4.0,1.0,0.0,0.0,0,Routine Monitoring,
SETUP-0002,volatile,2022,2,482280.0,-6.2951737001632075,17,13.333333333333334,46.7,0.7141561126316663,0.2858438873683337,0.37917020748979136,0.34309944430621214,4.5,0.0,1.0,-0.06499759268175252,0.0,1.1222350450656091,0.4117647058823529,54.94117647058823,4.0,0.0,0.0,2.0,0,Routine Monitoring,SUSTAINED_DECLINE
SETUP-0002,volatile,2022,3,438120.0,-9.15650659368002,16,6.666666666666667,40.25,0.8377064046379987,0.1622935953620013,0.3894590351977365,0.29555829453117866,4.5,1.0,0.6666666666666667,-0.08002341332887365,0.014306664467584058,1.0194775191675887,0.4375,50.3125,3.0,2.0,7.0,3.0,1,Additional Review or Follow-up,SEVERE_SALES_CONTRACTION|SALES_CONTRACTION|EMPLOYMENT_BELOW_BASELINE|SUSTAINED_DECLINE
SETUP-0002,volatile,2022,4,262545.0,-40.07463708572993,13,-13.333333333333334,36.7,0.9512008988935229,0.04879910110647707,0.35914174592196535,0.3538060142070883,4.5,2.0,0.5,-0.18863176496576098,0.15294044467874093,0.6109256031905747,0.15384615384615385,56.46153846153846,1.0,1.0,12.0,3.0,0,Routine Monitoring,
SETUP-0003,stable,2022,2,281250.0,1.0672703751617076,15,-6.25,42.3,0.7267013333333333,0.2732986666666667,0.396138361594982,0.31232,3.0,1.0,0.5,0.010616052758565224,0.0,0.9676182967554408,0.13333333333333333,56.4,1.0,2.0,10.0,3.0,0,Routine Monitoring,EMPLOYMENT_BELOW_BASELINE
SETUP-0003,stable,2022,3,317160.0,12.767999999999999,14,-12.5,41.85,0.6901544646235338,0.3098455353764662,0.43371928625686246,0.3448417202673729,3.0,1.0,0.6666666666666666,0.06652294425623653,0.058503648124191454,1.0911638008851754,0.42857142857142855,59.785714285714285,4.0,0.0,0.0,1.0,1,Additional Review or Follow-up,SEVERE_SALES_CONTRACTION|SALES_CONTRACTION|EMPLOYMENT_BELOW_BASELINE
SETUP-0003,stable,2022,4,192720.0,-39.2357169882709,13,-18.75,38.25,0.8936557700290577,0.10634422997094231,0.3876557886313361,0.32215130759651306,3.0,2.0,0.5,-0.08257637388840576,0.2227510928958537,0.6630378600914082,0.0,58.84615384615385,2.0,0.0,14.0,3.0,0,Routine Monitoring,
SETUP-0003,stable,2023,1,219515.0,13.903590701535906,17,6.25,50.7,0.7875137917682162,0.2124862082317837,0.33777365550249033,0.304352777714507,3.0,3.0,0.4,-0.12255341885627495,0.24786784490910455,0.7552239303547399,0.5294117647058824,59.64705882352941,4.0,2.0,0.0,1.0,0,Routine Monitoring,EMPLOYMENT_BELOW_BASELINE
SETUP-0003,stable,2023,2,240205.0,9.425324009748765,15,-6.25,45.75,0.6885964072354863,0.3114035927645137,0.32874719701966637,0.34722424595657875,5.0,3.0,0.5,-0.08418729372937293,0.2406412222312545,0.8264062327898334,0.06666666666666667,61.0,2.0,1.0,11.0,2.0,1,Additional Review or Follow-up,SEVERE_SALES_CONTRACTION|SALES_CONTRACTION|EMPLOYMENT_BELOW_BASELINE|LABOR_CONTRACTION
SETUP-0003,stable,2023,3,141990.0,-40.88799150725422,13,-18.75,38.3,0.8414568631593774,0.15854313684062263,0.38329862972790246,0.36009578139305587,5.0,4.0,0.42857142857142855,-0.0662109940460456,0.24840831243514444,0.4885053225113068,0.0,58.92307692307692,1.0,1.0,16.0,4.0,1,Additional Review or Follow-up,SALES_CONTRACTION|SUSTAINED_DECLINE
SETUP-0004,declining,2022,2,126060.0,2.5711960943856793,11,-8.333333333333332,27.75,0.8382436141519911,0.16175638584800883,0.4941276527768459,0.3220688561002697,6.0,1.0,0.2144495134429482,0.02538560411311054,0.0,0.8365235221144044,0.09090909090909091,50.45454545454545,1.0,1.0,11.0,3.0,1,Additional Review or Follow-up,SEVERE_EMPLOYMENT_SHORTFALL|SALES_CONTRACTION|EMPLOYMENT_BELOW_BASELINE|LABOR_CONTRACTION
SETUP-0004,declining,2022,3,107460.0,-14.75487862922418,9,-25.0,21.9,0.9832211055276382,0.016778894472361788,0.40886003323586695,0.315605806811837,6.0,2.0,0.14296634229529878,-0.06497951854553616,0.0866303736180493,0.7130954917215128,0.1111111111111111,48.666666666666664,1.0,1.0,14.0,3.0,1,Additional Review or Follow-up,SEVERE_EMPLOYMENT_SHORTFALL|EMPLOYMENT_BELOW_BASELINE|SUSTAINED_DECLINE
SETUP-0004,declining,2022,4,102030.0,-5.053042992741485,9,-25.0,24.15,0.8273450945800255,0.17265490541997447,0.32800617717293884,0.3112809957855533,6.0,3.0,0.1072247567214741,-0.07085614570836514,0.07090271125540935,0.6770624699455234,0.2222222222222222,53.666666666666664,2.0,1.0,8.0,2.0,1,Additional Review or Follow-up,SEVERE_EMPLOYMENT_SHORTFALL|SALES_CONTRACTION|EMPLOYMENT_BELOW_BASELINE|SUSTAINED_DECLINE|LABOR_CONTRACTION
SETUP-0004,declining,2023,1,77900.0,-23.649906890130353,9,-25.0,20.2,0.902971758664955,0.09702824133504492,0.44739989906385275,0.3684210526315789,6.0,4.0,0.08577980537717927,-0.14503325674204862,0.07594519144295594,0.5169378262153903,0.1111111111111111,44.888888888888886,2.0,1.0,20.0,3.0,1,Additional Review or Follow-up,SEVERE_EMPLOYMENT_SHORTFALL|SALES_CONTRACTION|EMPLOYMENT_BELOW_BASELINE|SUSTAINED_DECLINE|LABOR_CONTRACTION
SETUP-0004,declining,2023,2,69550.0,-10.718870346598203,7,-41.66666666666667,16.55,0.9191197699496766,0.08088023005032342,0.31344589688067753,0.32178289000718907,6.0,5.0,0.07148317114764939,-0.15449095086008854,0.07782863315657608,0.4615279308508395,0.14285714285714285,47.285714285714285,1.0,1.0,15.0,3.0,1,Additional Review or Follow-up,SEVERE_EMPLOYMENT_SHORTFALL|EMPLOYMENT_BELOW_BASELINE
SETUP-0005,stable,2022,2,401730.0,23.152618752011772,10,11.11111111111111,29.55,0.6658418091753168,0.33415819082468323,0.3342273651033317,0.33130460757225,0.0,2.0,0.0,0.2075047909497414,0.0,1.2263933663209632,0.2,59.1,3.0,1.0,0.0,2.0,0,Routine Monitoring,
SETUP-0005,stable,2022,3,516900.0,28.668508699873048,11,22.22222222222222,34.95,0.5372171793383633,0.4627828206616367,0.27771748219473713,0.2976881408396208,0.0,2.0,0.3333333333333333,0.22978346527853089,0.027579449739306372,1.5779820552393544,0.5454545454545454,63.54545454545455,3.0,0.0,0.0,0.0,0,Routine Monitoring,
SETUP-0005,stable,2022,4,495465.0,-4.146836912362159,10,11.11111111111111,30.55,0.7285035673559183,0.2714964326440818,0.3187830757459204,0.29874965941085646,2.0,2.0,0.5,0.14318220996379935,0.14347017611640403,1.512545712902238,0.4,61.1,3.0,1.0,0.0,2.0,0,Routine Monitoring,SUSTAINED_DECLINE
SETUP-0005,stable,2023,1,471265.0,-4.884300606500964,10,11.11111111111111,29.3,0.6425117502891154,0.35748824971088455,0.3020214780181728,0.33889637465120476,2.0,3.0,0.4,0.0397101879747104,0.15646021051516637,1.4386684334733495,0.4,58.6,2.0,0.0,0.0,2.0,0,Routine Monitoring,
SETUP-0006,stable,2022,2,209250.0,13.439228016914237,16,6.666666666666667,48.45,0.5812197849462365,0.4187802150537635,0.3666682453512672,0.31479091995221026,3.5,0.0,0.9226428226748424,0.12593025323207438,0.0,1.2138473618702612,0.25,60.5625,4.0,0.0,0.0,1.0,0,Routine Monitoring,
SETUP-0006,stable,2022,3,192360.0,-8.07168458781362,15,0.0,44.35,0.7815415886878769,0.21845841131212312,0.38047447161164355,0.3212986067789561,4.666666666666667,0.0,0.948428548449895,0.020219427713413073,0.10755456302363928,1.115869431442597,0.4666666666666667,59.13333333333333,1.0,1.0,2.0,2.0,0,Routine Monitoring,SUSTAINED_DECLINE
SETUP-0008,growing,2022,2,473500.0,33.76461947002656,23,21.052631578947366,71.2,0.511433833157339,0.488566166842661,0.2935737908438218,0.16947201689545935,4.0,1.0,0.5,0.2888770725576449,0.0,1.3027166401608996,0.6521739130434783,61.91304347826087,5.0,0.0,0.0,0.0,0,Routine Monitoring,SALES_CONTRACTION
SETUP-0008,growing,2022,3,420100.0,-11.277719112988384,23,21.052631578947366,69.7,0.5487383242085218,0.4512616757914782,0.3248839377356822,0.3040704594144251,6.5,1.0,0.6666666666666667,0.0794979079497908,0.2252116929150747,1.1557999166453936,0.34782608695652173,60.608695652173914,4.0,0.0,0.0,1.0,0,Routine Monitoring,SUSTAINED_DECLINE
SETUP-0008,growing,2022,4,399450.0,-4.915496310402285,22,15.789473684210526,70.7,0.5780000250344223,0.42199997496557773,0.23525716219416049,0.3564901739892352,4.333333333333333,1.0,0.75,0.020159924227245406,0.19903772676455317,1.0989866143870566,0.3181818181818182,64.27272727272727,3.0,1.0,0.0,1.0,0,Routine Monitoring,SUSTAINED_DECLINE
SETUP-0008,growing,2023,1,395400.0,-1.0138941043935412,24,26.31578947368421,72.1,0.5112046535154274,0.48879534648457257,0.25385805553565643,0.21905665149215983,3.25,1.0,0.7999999999999999,-0.06039859042316918,0.042301363593825955,1.0878440538957121,0.5416666666666666,60.083333333333336,5.0,0.0,0.0,0.0,0,Routine Monitoring,
SETUP-0009,volatile,2023,1,151230.0,-22.246786632390744,19,5.555555555555555,50.55,0.5983360444356279,0.40166395556437207,0.31657323822065553,0.2847649275937314,0.0,2.0,0.5,-0.13159298824122098,0.42955804509247375,0.5712079683114986,0.3157894736842105,53.21052631578947,3.0,2.0,2.0,0.0,0,Routine Monitoring,
SETUP-0010,volatile,2023,1,269100.0,24.68723936613845,24,26.31578947368421,60.3,0.3384856558900037,0.6615143441099963,0.2593915958338059,0.29392419175027873,4.333333333333333,1.0,0.75,-0.0023219997630612487,0.1967447320659701,1.1156029804052898,0.625,50.25,5.0,1.0,0.0,0.0,0,Routine Monitoring,
SETUP-0010,volatile,2023,2,383040.0,42.34113712374582,29,52.63157894736842,78.95,0.48532223788638257,0.5146777621136174,0.179724206570889,0.21560411445279867,3.25,1.0,0.8,0.1291708134723168,0.2724713301747156,1.5879619680952886,0.6206896551724138,54.44827586206897,6.0,0.0,0.0,0.0,0,Routine Monitoring,SALES_CONTRACTION
SETUP-0011,volatile,2022,2,669195.0,53.01481684730416,14,16.666666666666664,34.6,0.6016453051801045,0.3983546948198955,0.31087611749528454,0.21663341776313333,0.0,0.0,1.0,0.41906491886835934,0.0,2.0558195426707395,0.6428571428571429,49.42857142857143,5.0,0.0,0.0,0.0,0,Routine Monitoring,SALES_CONTRACTION
SETUP-0011,volatile,2022,3,523320.0,-21.798578889561337,13,8.333333333333332,38.9,0.7945804288007338,0.20541957119926618,0.4088414446227829,0.32858480470840024,3.3333333333333335,0.0,1.0,0.07912973853502306,0.3740669786843275,1.6076800978346393,0.15384615384615385,59.84615384615385,1.0,1.0,0.0,2.0,1,Additional Review or Follow-up,SALES_CONTRACTION|SUSTAINED_DECLINE
SETUP-0011,volatile,2022,4,431415.0,-17.561912405411604,13,8.333333333333332,34.55,0.5915060904233742,0.40849390957662574,0.2883591329570828,0.35691851233730865,5.25,0.0,1.0,-0.0317571206101093,0.34312401769282436,1.3253407272936844,0.6153846153846154,53.15384615384615,3.0,0.0,1.0,1.0,1,Additional Review or Follow-up,SEVERE_SALES_CONTRACTION|SALES_CONTRACTION|SUSTAINED_DECLINE
SETUP-0012,growing,2022,2,126960.0,24.47058823529412,23,15.0,71.05,0.6233668084436043,0.37663319155639574,0.35084597243079435,0.21301984877126653,0.0,0.0,0.8658334461194072,0.2180293501048218,0.0,1.491343459535063,0.782608695652174,61.78260869565217,4.0,0.0,0.0,1.0,0,Routine Monitoring,
SETUP-0012,growing,2022,3,141995.0,11.842312539382483,27,35.0,84.45,0.5076039297158351,0.49239607028416493,0.2956204470705169,0.20236628050283462,0.0,1.0,0.5772222974129381,0.16172446792737663,0.06314137847955818,1.6679530130488442,0.6666666666666666,62.55555555555556,4.0,0.0,0.0,1.0,0,Routine Monitoring,
SETUP-0012,growing,2022,4,152430.0,7.348850311630692,25,25.0,76.95,0.4653746637800958,0.5346253362199043,0.26101307271544666,0.24867152135406417,0.0,2.0,0.4329167230597036,0.12711483898086495,0.07248129715625488,1.7905283832461376,0.52,61.56,4.0,2.0,0.0,1.0,0,Routine Monitoring,
SETUP-0012,growing,2023,1,137655.0,-9.692973824050384,24,20.0,74.6,0.45738353129199816,0.5426164687080018,0.2414124397068477,0.27877665177436345,0.0,2.0,0.5463333784477629,0.03042358328563251,0.09275915836298093,1.616972935745897,0.4583333333333333,62.166666666666664,6.0,0.0,0.0,0.0,0,Routine Monitoring,SUSTAINED_DECLINE
SETUP-0012,growing,2023,2,133350.0,-3.1273836765827614,25,25.0,77.65,0.6264135733033371,0.3735864266966629,0.2549972016795908,0.3026246719160105,0.0,3.0,0.45527781537313566,-0.02879932087084166,0.07018089502863334,1.5664039880986187,0.56,62.12,5.0,1.0,0.0,0.0,0,Routine Monitoring,
SETUP-0012,growing,2023,3,143880.0,7.896512935883014,27,35.0,85.0,0.3735405893800389,0.6264594106199611,0.30869781051342066,0.26779260494856827,0.0,4.0,0.3902381274626877,-0.021120541498109515,0.07257358832283659,1.6900952816470136,0.5185185185185185,62.96296296296296,6.0,0.0,0.0,0.0,0,Routine Monitoring,
SETUP-0013,stable,2022,2,295410.0,25.615512182676365,18,0.0,53.75,0.6108524423682339,0.38914755763176606,0.3287631408964782,0.2796621644494093,8.0,1.0,0.5,0.22707226054506388,0.0,1.334312579016048,0.6111111111111112,59.72222222222222,2.0,1.0,0.0,0.0,0,Routine Monitoring,
SETUP-0013,stable,2022,3,309570.0,4.7933380725093935,18,0.0,51.6,0.8500999773879898,0.14990002261201016,0.31703238400025535,0.33186355266983236,8.0,2.0,0.33333333333333337,0.1328334226031066,0.10411087055083486,1.398270691872306,0.5,57.333333333333336,4.0,1.0,0.0,2.0,1,Additional Review or Follow-up,SALES_CONTRACTION|EMPLOYMENT_BELOW_BASELINE
SETUP-0013,stable,2022,4,263880.0,-14.759182091287915,17,-5.555555555555555,49.3,0.7454816204335304,0.2545183795664696,0.3437228751516958,0.28389798393209037,10.5,2.0,0.5,0.036335969131273606,0.16485616347275087,1.191897374329761,0.35294117647058826,58.0,1.0,0.0,0.0,2.0,0,Routine Monitoring,
SETUP-0013,stable,2023,1,268140.0,1.6143701682582994,18,0.0,52.0,0.5821310882374879,0.4178689117625121,0.3821552625514734,0.2590064891474603,7.0,2.0,0.6,-0.044854881266490766,0.08566732135210602,1.2111390099771946,0.6666666666666666,57.77777777777778,3.0,0.0,0.0,1.0,0,Routine Monitoring,
SETUP-0013,stable,2023,2,253365.0,-5.510181248601477,18,0.0,54.25,0.7465023977265999,0.25349760227340007,0.324239476892958,0.2404436287569317,7.0,3.0,0.49999999999999994,-0.06004082359549023,0.06703203737149241,1.1444030553549336,0.3333333333333333,60.27777777777778,1.0,1.0,16.0,2.0,0,Routine Monitoring,EMPLOYMENT_BELOW_BASELINE
SETUP-0013,stable,2023,3,319230.0,25.996092593688946,17,-5.555555555555555,50.6,0.6663717382451523,0.33362826175484767,0.3376280315720915,0.29699589637565393,7.0,4.0,0.4285714285714285,0.05477926698442444,0.13490214201197104,1.4419031332700076,0.47058823529411764,59.529411764705884,4.0,0.0,0.0,1.0,0,Routine Monitoring,SALES_CONTRACTION
SETUP-0014,declining,2022,2,313290.0,16.942889137737964,12,-14.285714285714285,29.55,0.8208881547448051,0.1791118452551949,0.3291682098702426,0.2917105557151521,12.0,1.0,0.5,0.15619676869870439,0.0,0.7100558564128306,0.0,49.25,2.0,1.0,0.0,2.0,1,Additional Review or Follow-up,SEVERE_EMPLOYMENT_SHORTFALL|SALES_CONTRACTION|EMPLOYMENT_BELOW_BASELINE
SETUP-0014,declining,2022,3,281520.0,-10.140764148233266,11,-21.428571428571427,29.3,0.7514019252628588,0.24859807473714118,0.48567187591518685,0.34033105996021595,12.0,2.0,0.33333333333333337,0.023681190666620302,0.13541826642985616,0.6380507666932876,0.2727272727272727,53.27272727272727,2.0,2.0,7.0,3.0,1,Additional Review or Follow-up,SALES_CONTRACTION|EMPLOYMENT_BELOW_BASELINE|SUSTAINED_DECLINE
SETUP-0014,declining,2022,4,236250.0,-16.08056265984655,12,-14.285714285714285,32.35,0.8228838518518519,0.17711614814814816,0.4240149921059661,0.3460952380952381,12.0,3.0,0.25,-0.04612360777462328,0.14373408512097188,0.5354486133535422,0.08333333333333333,53.916666666666664,2.0,2.0,12.0,3.0,1,Additional Review or Follow-up,SEVERE_EMPLOYMENT_SHORTFALL|SALES_CONTRACTION|EMPLOYMENT_BELOW_BASELINE|SUSTAINED_DECLINE|LABOR_CONTRACTION
SETUP-0014,declining,2023,1,178500.0,-24.444444444444443,9,-35.714285714285715,20.75,0.8675550140056023,0.13244498599439772,0.46309668234699564,0.3124089635854342,12.0,4.0,0.19999999999999998,-0.17815285867110425,0.058673389281637504,0.4045611745337874,0.2222222222222222,46.111111111111114,1.0,1.0,14.0,4.0,1,Additional Review or Follow-up,SEVERE_EMPLOYMENT_SHORTFALL|EMPLOYMENT_BELOW_BASELINE|SUSTAINED_DECLINE
SETUP-0014,declining,2023,2,171780.0,-3.7647058823529407,10,-28.57142857142857,22.6,0.8141180579811388,0.18588194201886127,0.4255716157117809,0.3865118174409128,12.0,5.0,0.16666666666666666,-0.17831691722827026,0.08493699846009511,0.3893306361983978,0.1,45.2,1.0,1.0,4.0,4.0,1,Additional Review or Follow-up,SEVERE_EMPLOYMENT_SHORTFALL|EMPLOYMENT_BELOW_BASELINE
SETUP-0014,declining,2023,3,175570.0,2.2063103970194438,8,-42.857142857142854,21.55,0.753578287862391,0.246421712137609,0.36472809116218236,0.32516944808338555,12.0,6.0,0.14285714285714285,-0.09907361238682588,0.11419123122711476,0.397920478503625,0.125,53.875,1.0,1.0,3.0,3.0,1,Additional Review or Follow-up,SEVERE_EMPLOYMENT_SHORTFALL|SALES_CONTRACTION|EMPLOYMENT_BELOW_BASELINE|LABOR_CONTRACTION
SETUP-0015,recovering,2022,2,139950.0,0.8866782006920416,18,-5.263157894736842,49.35,0.7714216505894962,0.2285783494105038,0.4576632963586854,0.3229010360843158,0.0,1.0,0.5,0.00882764560232533,0.0,0.8007447068815211,0.05555555555555555,54.833333333333336,3.0,2.0,0.0,2.0,1,Additional Review or Follow-up,EMPLOYMENT_BELOW_BASELINE|LABOR_CONTRACTION
SETUP-0015,recovering,2022,3,144300.0,3.1082529474812435,16,-15.789473684210526,41.7,0.7584801108801108,0.24151988911988917,0.39316782989068483,0.26562716562716565,6.5,1.0,0.6666666666666666,0.01978863749202071,0.011107873733946009,0.825633877834966,0.1875,52.125,2.0,1.0,1.0,1.0,0,Routine Monitoring,EMPLOYMENT_BELOW_BASELINE
SETUP-0015,recovering,2022,4,155810.0,7.9764379764379765,17,-10.526315789473683,48.05,0.5162988254925871,0.48370117450741285,0.3128298857398863,0.2663500417174764,6.5,2.0,0.5,0.03843947613946577,0.029608428512749734,0.8914900520129317,0.4117647058823529,56.529411764705884,4.0,1.0,0.0,0.0,0,Routine Monitoring,
SETUP-0016,recovering,2022,2,382410.0,7.8745821520754875,10,-23.076923076923077,26.0,0.8261104050626291,0.17388959493737088,0.35050634845910683,0.30782406317826416,0.0,2.0,0.0,0.07576281881653674,0.0,1.2335292746356918,0.2,52.0,2.0,3.0,5.0,4.0,0,Routine Monitoring,EMPLOYMENT_BELOW_BASELINE
SETUP-0016,recovering,2022,3,371440.0,-2.86864883240501,11,-15.384615384615385,30.1,0.7011502530691364,0.2988497469308637,0.3655472905453467,0.3373896187809606,6.0,2.0,0.3333333333333333,0.022932841308437354,0.05371615492240249,1.1981436515014812,0.36363636363636365,54.72727272727273,4.0,2.0,8.0,1.0,0,Routine Monitoring,
SETUP-0016,recovering,2022,4,406350.0,9.398556967477925,13,0.0,34.3,0.6863023255813953,0.31369767441860474,0.34346464657873965,0.2783437922972807,6.0,3.0,0.25,0.03818458501546516,0.054591803348993315,1.310751865140068,0.38461538461538464,52.76923076923077,4.0,1.0,0.0,1.0,0,Routine Monitoring,
SETUP-0016,recovering,2023,1,441450.0,8.637873754152823,14,7.6923076923076925,37.55,0.6970588968173067,0.30294110318269335,0.30616305617521833,0.2472873485105901,3.0,3.0,0.4,0.05295289232978491,0.05612120208606861,1.4239729564810706,0.5,53.642857142857146,5.0,0.0,0.0,0.0,1,Additional Review or Follow-up,SALES_CONTRACTION|EMPLOYMENT_BELOW_BASELINE
SETUP-0018,growing,2022,2,456300.0,34.26906779661017,21,10.526315789473683,65.2,0.5126510409818102,0.48734895901818975,0.29308634344845674,0.24189129958360728,1.0,1.0,0.5,0.29256160976712636,0.0,1.6642410617617254,0.5714285714285714,62.095238095238095,6.0,0.0,0.0,0.0,0,Routine Monitoring,
SETUP-0018,growing,2022,3,418620.0,-8.257725180802105,20,5.263157894736842,59.4,0.6934189240838947,0.30658107591610523,0.35769965884204585,0.38032105489465384,1.0,2.0,0.3333333333333333,0.0972784747604465,0.21263396488706138,1.526812608535379,0.4,59.4,3.0,1.0,5.0,1.0,1,Additional Review or Follow-up,SALES_CONTRACTION|SUSTAINED_DECLINE
SETUP-0018,growing,2022,4,373380.0,-10.806937078973771,20,5.263157894736842,64.6,0.584317237131073,0.415682762868927,0.2982026092488247,0.2948202903208528,1.0,3.0,0.25,0.015852506705957913,0.20674387852792184,1.3618109306171224,0.4,64.6,2.0,1.0,0.0,2.0,0,Routine Monitoring,SUSTAINED_DECLINE
SETUP-0018,growing,2023,1,367215.0,-1.651132894102523,22,15.789473684210526,67.25,0.5649348746647059,0.43506512533529407,0.2612377981741946,0.28095257546668845,0.5,3.0,0.4,-0.0773734691414193,0.038582421618625504,1.3393256223862195,0.5909090909090909,61.13636363636363,5.0,1.0,0.0,0.0,0,Routine Monitoring,
SETUP-0018,growing,2023,2,464850.0,26.587966177852213,22,15.789473684210526,66.85,0.6049631924276648,0.3950368075723351,0.25473024154928825,0.2672259868774874,0.3333333333333333,3.0,0.5000000000000001,0.032640319199046836,0.15915241668339172,1.6954250658775762,0.5909090909090909,60.77272727272727,5.0,1.0,0.0,0.0,0,Routine Monitoring,
SETUP-0018,growing,2023,3,554840.0,19.358932989136278,24,26.31578947368421,74.75,0.5534673058899863,0.44653269411001373,0.3096633904921686,0.20385156081032368,0.25,3.0,0.5714285714285714,0.14588887594906508,0.11977425551879142,2.023641268261836,0.5833333333333334,62.291666666666664,7.0,0.0,0.0,0.0,0,Routine Monitoring,SALES_CONTRACTION
SETUP-0019,stable,2022,2,451755.0,24.157975017520716,9,12.5,26.8,0.759955263361778,0.24004473663822198,0.2512604292769185,0.2771413708758066,0.0,2.0,0.0,0.21554419391620996,0.0,1.3250066836205028,0.3333333333333333,59.55555555555556,3.0,1.0,2.0,2.0,0,Routine Monitoring,SALES_CONTRACTION
SETUP-0019,stable,2022,3,400695.0,-11.302586579008533,8,0.0,22.95,0.8087352225508181,0.19126477744918197,0.3139283326692509,0.4174372028600307,13.0,2.0,0.3333333333333333,0.04543268341411077,0.17730280798264625,1.175246656026646,0.0,57.375,3.0,0.0,0.0,2.0,0,Routine Monitoring,
SETUP-0019,stable,2022,4,630090.0,57.24927937708232,10,25.0,28.9,0.4551662143503309,0.5448337856496691,0.21603620389261094,0.23917218175181323,7.5,2.0,0.5,0.16196859285255863,0.2799175310896692,1.848066897505158,0.6,57.8,6.0,0.0,0.0,0.0,1,Additional Review or Follow-up,SALES_CONTRACTION|LABOR_CONTRACTION
SETUP-0019,stable,2023,1,561000.0,-10.965100223777556,8,0.0,22.1,0.6552898217468807,0.3447101782531194,0.3611868790065241,0.3505258467023173,5.666666666666667,2.0,0.6,0.10905193928183446,0.3223640765661642,1.645424509991261,0.75,55.25,4.0,1.0,4.0,0.0,1,Additional Review or Follow-up,SALES_CONTRACTION|SUSTAINED_DECLINE
SETUP-0019,stable,2023,2,447030.0,-20.315508021390375,8,0.0,24.0,0.7242544795651298,0.27574552043487016,0.29182840510609787,0.343209627989173,7.5,2.0,0.6666666666666666,0.01371679137145842,0.3457187031626553,1.3111481616780631,0.25,60.0,1.0,1.0,0.0,1.0,0,Routine Monitoring,
SETUP-0019,stable,2023,3,564000.0,26.16602912556204,9,12.5,27.25,0.5481532269503546,0.45184677304964543,0.3802190799137866,0.2835017730496454,6.0,2.0,0.7142857142857143,-0.05671625524494578,0.2007398589740398,1.6542235715420164,0.4444444444444444,60.55555555555556,5.0,0.0,0.0,1.0,1,Additional Review or Follow-up,SEVERE_SALES_CONTRACTION|SALES_CONTRACTION|EMPLOYMENT_BELOW_BASELINE|LABOR_CONTRACTION
SETUP-0020,declining,2022,2,338700.0,19.395093062605753,9,-10.0,23.5,0.7121514319456747,0.28784856805432535,0.3487780905997699,0.2580602302922941,0.0,1.0,0.5,0.17680516726115877,0.0,0.9446596246619362,0.3333333333333333,52.22222222222222,3.0,0.0,0.0,2.0,0,Routine Monitoring,EMPLOYMENT_BELOW_BASELINE
SETUP-0020,declining,2022,3,315870.0,-6.740478299379982,9,-10.0,22.65,0.870290056035711,0.12970994396428906,0.4719908277425429,0.3538639313641688,3.5,1.0,0.5143355459225143,0.05146282973621103,0.13067785680992866,0.880985047658594,0.2222222222222222,50.333333333333336,2.0,1.0,10.0,2.0,1,Additional Review or Follow-up,SEVERE_SALES_CONTRACTION|SEVERE_EMPLOYMENT_SHORTFALL|SALES_CONTRACTION|EMPLOYMENT_BELOW_BASELINE|SUSTAINED_DECLINE
SETUP-0020,declining,2022,4,222840.0,-29.45198974261563,8,-20.0,21.65,0.8803616944893197,0.11963830551068036,0.45914569186022214,0.2830057440315922,3.5,2.0,0.38575165944188566,-0.07074386998423894,0.1995806253409558,0.6215174217882075,0.125,54.125,1.0,2.0,9.0,3.0,1,Additional Review or Follow-up,SEVERE_SALES_CONTRACTION|SEVERE_EMPLOYMENT_SHORTFALL|SALES_CONTRACTION|EMPLOYMENT_BELOW_BASELINE|SUSTAINED_DECLINE|LABOR_CONTRACTION
SETUP-0020,declining,2023,1,146460.0,-34.27571351642434,6,-40.0,15.25,0.9434029086439985,0.056597091356001585,0.4080770617291831,0.3284173153079339,3.5,3.0,0.30860132755350855,-0.2616543115825251,0.12005879307610505,0.40848789084141474,0.16666666666666666,50.833333333333336,1.0,1.0,7.0,3.0,1,Additional Review or Follow-up,SEVERE_EMPLOYMENT_SHORTFALL|EMPLOYMENT_BELOW_BASELINE
SETUP-0021,growing,2022,2,385290.0,28.148074236679303,25,13.636363636363635,79.05,0.6200943704741883,0.3799056295258118,0.29227554134471273,0.26435931376365857,0.0,1.0,0.5,0.24675267876667395,0.0,1.295606869113997,0.44,63.24,3.0,0.0,0.0,1.0,0,Routine Monitoring,
SETUP-0021,growing,2022,3,425800.0,10.514158166575827,24,9.090909090909092,75.25,0.5989643024894317,0.40103569751056833,0.31209258191884376,0.28078910286519493,0.0,1.0,0.6666666666666667,0.16884191589835845,0.08816958035051739,1.4318290245496637,0.4583333333333333,62.708333333333336,5.0,1.0,0.0,0.0,0,Routine Monitoring,SALES_CONTRACTION
SETUP-0021,growing,2022,4,376740.0,-11.521841240018787,24,9.090909090909092,74.65,0.6910786218612306,0.3089213781387694,0.35936231549177716,0.252906513776079,7.0,1.0,0.75,0.07222084125523182,0.1622837864066546,1.2668559575125418,0.5833333333333334,62.208333333333336,4.0,0.0,0.0,1.0,0,Routine Monitoring,SUSTAINED_DECLINE
SETUP-0021,growing,2023,1,353640.0,-6.131549609810479,27,22.727272727272727,84.5,0.5750967933491686,0.4249032066508313,0.2933943490134072,0.32253138785205293,7.0,2.0,0.6,-0.03736952389602133,0.0937917374401024,1.1891780559928207,0.3333333333333333,62.592592592592595,3.0,0.0,0.0,1.0,0,Routine Monitoring,
SETUP-0021,growing,2023,2,456565.0,29.10445650944463,24,9.090909090909092,71.85,0.6796383866481224,0.3203616133518777,0.2751819454197579,0.26148522116237555,6.5,2.0,0.6666666666666667,0.017162043596476814,0.180158184811846,1.5352818661191103,0.4583333333333333,59.875,4.0,0.0,0.0,1.0,0,Routine Monitoring,
SETUP-0021,growing,2023,3,674625.0,47.76099788639077,29,31.818181818181817,90.7,0.4545541152492125,0.5454458847507875,0.30733328817923106,0.23234389475634612,5.2,2.0,0.7142857142857143,0.21413752907492062,0.2234589034803142,2.2685478057463992,0.6206896551724138,62.55172413793103,5.0,0.0,0.0,0.0,1,Additional Review or Follow-up,SALES_CONTRACTION|LABOR_CONTRACTION
SETUP-0022,stable,2022,2,497110.0,21.421069343689698,15,0.0,46.1,0.7582221439922754,0.24177785600772464,0.31476849147302716,0.23913218402365674,3.0,1.0,0.3268884012650216,0.19348718174998897,0.0,1.052264253652351,0.3333333333333333,61.46666666666667,2.0,0.0,10.0,3.0,1,Additional Review or Follow-up,SALES_CONTRACTION|EMPLOYMENT_BELOW_BASELINE
SETUP-0022,stable,2022,3,433240.0,-12.848262959908268,14,-6.666666666666667,41.35,0.7635761010063705,0.23642389899362948,0.3641897380234817,0.31938417505308836,3.0,2.0,0.21792560084334775,0.026680151668955633,0.17134666151798983,0.9170665753099807,0.21428571428571427,59.07142857142857,2.0,2.0,1.0,1.0,0,Routine Monitoring,
SETUP-0022,stable,2022,4,454740.0,4.962607330809713,16,6.666666666666667,47.3,0.6671890750758676,0.3328109249241325,0.3147325904664494,0.2669547433698377,3.0,3.0,0.1634442006325108,0.01607578712733352,0.13994027332626258,0.9625769884047194,0.4375,59.125,3.0,1.0,0.0,3.0,0,Routine Monitoring,
SETUP-0022,stable,2023,1,581670.0,27.9126533843515,16,6.666666666666667,47.85,0.4187173827084085,0.5812826172915915,0.234695326327068,0.24164904499114617,1.5,3.0,0.3307553605060086,0.05596615753828632,0.16684603733170067,1.2312577667356581,0.375,59.8125,4.0,1.0,0.0,0.0,0,Routine Monitoring,
SETUP-0023,growing,2022,2,289350.0,13.570797762731823,12,20.0,37.2,0.518892275790565,0.481107724209435,0.27560491610979193,0.29949887679281145,3.0,1.0,0.5,0.12708476912474156,0.0,1.4415435770627225,0.6666666666666666,62.0,5.0,1.0,0.0,0.0,0,Routine Monitoring,
SETUP-0023,growing,2022,3,363955.0,25.783653015379297,13,30.0,40.7,0.5020161558434422,0.4979838441565578,0.22885099218554036,0.3029907543514995,1.5,1.0,0.6666666666666666,0.18034754647167653,0.06106427626323738,1.813226171038062,0.5384615384615384,62.61538461538461,6.0,0.0,0.0,0.0,0,Routine Monitoring,SALES_CONTRACTION
SETUP-0023,growing,2022,4,316260.0,-13.104642057397205,13,30.0,40.1,0.5516688484158603,0.4483311515841397,0.28111639776492103,0.17604186428887625,1.0,1.0,0.75,0.0846366205465802,0.16237926854150844,1.575609371632475,0.7692307692307693,61.69230769230769,5.0,1.0,0.0,0.0,1,Additional Review or Follow-up,SALES_CONTRACTION|SUSTAINED_DECLINE
SETUP-0023,growing,2023,1,281190.0,-11.088977423638777,12,20.0,36.95,0.6330020270991145,0.36699797290088554,0.25547518947846737,0.2700309399338526,0.75,1.0,0.8,-0.02308205843670423,0.17875971684780043,1.400890404127413,0.5833333333333334,61.583333333333336,5.0,0.0,0.0,1.0,0,Routine Monitoring,
SETUP-0023,growing,2023,2,398440.0,41.69778441623102,15,50.0,44.45,0.4443846250376468,0.5556153749623532,0.23699856224374244,0.21187631763879128,2.6,1.0,0.8333333333333333,0.020115527872661958,0.25372362647513286,1.9850306647481293,0.5333333333333333,59.266666666666666,5.0,0.0,0.0,0.0,0,Routine Monitoring,
SETUP-0023,growing,2023,3,498810.0,25.190743901214734,15,50.0,45.65,0.60111409153786,0.39888590846213995,0.2223723236379514,0.1874561456265913,2.1666666666666665,1.0,0.8571428571428571,0.17793537164648424,0.22048287390061122,2.485074655865411,0.6,60.86666666666667,7.0,0.0,0.0,0.0,0,Routine Monitoring,
SETUP-0024,stable,2022,2,299380.0,15.368015414258188,19,5.555555555555555,56.1,0.7237947758701316,0.2762052241298684,0.43703581084249143,0.21668114102478456,13.0,1.0,0.5,0.14271399942742627,0.0,1.1460223620589656,0.42105263157894735,59.05263157894737,3.0,2.0,0.0,2.0,0,Routine Monitoring,EMPLOYMENT_BELOW_BASELINE
SETUP-0024,stable,2022,3,313695.0,4.781548533636181,17,-5.555555555555555,49.05,0.7166139084142239,0.28338609158577605,0.298638645683106,0.3070817195046144,13.0,2.0,0.3333333333333333,0.09316391141162651,0.05293233440311003,1.2008199775071389,0.29411764705882354,57.705882352941174,3.0,2.0,2.0,1.0,0,Routine Monitoring,
SETUP-0024,stable,2022,4,295275.0,-5.871945679720747,19,5.555555555555555,54.75,0.6985859283718567,0.30141407162814327,0.3418691245898194,0.3713995427990856,8.0,2.0,0.5,0.04166288478828617,0.0867119219819458,1.1303084807166848,0.631578947368421,57.63157894736842,4.0,1.0,1.0,1.0,1,Additional Review or Follow-up,SALES_CONTRACTION|EMPLOYMENT_BELOW_BASELINE|SUSTAINED_DECLINE
SETUP-0024,stable,2023,1,250260.0,-15.24511049022098,16,-11.11111111111111,47.4,0.6894232797890194,0.31057672021098054,0.33152123797208305,0.2881203548309758,6.333333333333333,2.0,0.6000000000000001,-0.057234099481274975,0.08181416810041515,0.957991703951088,0.5625,59.25,3.0,0.0,0.0,1.0,0,Routine Monitoring,
SETUP-0024,stable,2023,2,318960.0,27.45145049148885,18,0.0,52.6,0.6742879984951091,0.32571200150489094,0.36980558504195593,0.3485076498620517,6.333333333333333,3.0,0.5000000000000001,-0.009920301479387874,0.1832212163422206,1.2209743222737914,0.2777777777777778,58.44444444444444,3.0,1.0,5.0,0.0,0,Routine Monitoring,
SETUP-0024,stable,2023,3,292680.0,-8.239277652370202,18,0.0,51.85,0.7503723178898456,0.24962768211015443,0.4229749825345233,0.31320896542298754,6.333333333333333,4.0,0.42857142857142866,0.021056452135588825,0.1869612582820191,1.1203748577975083,0.3888888888888889,57.611111111111114,3.0,2.0,0.0,2.0,1,Additional Review or Follow-up,SALES_CONTRACTION|EMPLOYMENT_BELOW_BASELINE|SUSTAINED_DECLINE
SETUP-0025,stable,2022,2,457200.0,5.350476980506015,11,10.0,33.65,0.6863503280839894,0.3136496719160105,0.39746204716727124,0.25250437445319335,1.0,0.0,0.8135784844629823,0.05211068471015956,0.0,1.0903745706143337,0.45454545454545453,61.18181818181818,5.0,1.0,0.0,1.0,0,Routine Monitoring,
SETUP-0025,stable,2022,3,578040.0,26.43044619422572,11,10.0,33.85,0.70933511521694,0.29066488478305996,0.3934879725475629,0.2903518787627154,2.0,0.0,0.8757189896419882,0.1470780414097276,0.10539984606859853,1.378565434816075,0.6363636363636364,61.54545454545455,4.0,0.0,0.0,1.0,0,Routine Monitoring,LABOR_CONTRACTION
SETUP-0025,stable,2022,4,539595.0,-6.650923811500935,10,0.0,28.55,0.6580405118653805,0.3419594881346195,0.3005469796454764,0.1899572827768975,3.0,0.0,0.9067892422314912,0.08715287370912703,0.13673883316086533,1.2868780980547712,0.5,57.1,4.0,1.0,0.0,0.0,0,Routine Monitoring,SUSTAINED_DECLINE
SETUP-0025,stable,2023,1,513930.0,-4.756345036555194,12,20.0,35.85,0.6981466931294146,0.3018533068705854,0.33284779622703575,0.33667036366820385,2.4,0.0,0.925431393785193,0.025229262267416393,0.15167884264174675,1.2256697355114272,0.25,59.75,4.0,2.0,0.0,0.0,0,Routine Monitoring,LABOR_CONTRACTION
SETUP-0026,volatile,2022,2,133500.0,34.93026076409945,17,13.333333333333334,42.45,0.5264567041198502,0.4735432958801498,0.27273780174346285,0.20097378277153558,6.0,0.0,1.0,0.2973670624677336,0.0,1.0945803962946772,0.5882352941176471,49.94117647058823,5.0,1.0,0.0,0.0,0,Routine Monitoring,
SETUP-0026,volatile,2022,3,167200.0,25.243445692883892,17,13.333333333333334,44.85,0.4849400717703349,0.5150599282296651,0.32780168910527346,0.25322966507177036,6.666666666666667,0.0,1.0,0.25620558502652385,0.0484340753560778,1.3708902041982776,0.5294117647058824,52.76470588235294,4.0,0.0,0.0,0.0,0,Routine Monitoring,SALES_CONTRACTION
SETUP-0027,stable,2022,2,273240.0,17.14469453376206,12,0.0,35.65,0.6841792197335675,0.3158207802664324,0.3535981921540294,0.29259991216512954,17.0,1.0,0.5,0.15791032399455074,0.0,0.9222937943524155,0.3333333333333333,59.416666666666664,3.0,1.0,0.0,1.0,0,Routine Monitoring,EMPLOYMENT_BELOW_BASELINE
SETUP-0027,stable,2022,3,283920.0,3.908651734738691,11,-8.333333333333332,32.15,0.6996460622710623,0.3003539377289377,0.2557093357844915,0.2734925331079177,17.0,2.0,0.33333333333333337,0.09615895547880214,0.06618021399511684,0.9583430467447585,0.18181818181818182,58.45454545454545,2.0,2.0,3.0,1.0,0,Routine Monitoring,SALES_CONTRACTION
SETUP-0027,stable,2022,4,253080.0,-10.862214708368555,12,0.0,36.2,0.6600033981349771,0.3399966018650229,0.4127702763622613,0.23804725778409988,17.0,3.0,0.25,0.026898197395279305,0.11439494402942772,0.854245767364622,0.3333333333333333,60.333333333333336,3.0,0.0,10.0,1.0,0,Routine Monitoring,SUSTAINED_DECLINE
SETUP-0028,volatile,2022,2,124155.0,22.731316725978647,7,0.0,19.35,0.6865931295557972,0.3134068704442028,0.20326868868261297,0.24110990294390078,11.0,1.0,0.5,0.20411424006391052,0.0,0.7870829016913772,0.2857142857142857,55.285714285714285,4.0,1.0,0.0,1.0,1,Additional Review or Follow-up,SALES_CONTRACTION|EMPLOYMENT_BELOW_BASELINE
SETUP-0028,volatile,2022,3,104420.0,-15.895453264065079,6,-14.285714285714285,16.9,0.8696264125646429,0.13037358743535707,0.37165787561866515,0.3842654663857499,11.0,2.0,0.3333333333333333,0.014830090830515414,0.19313384995021865,0.661972506903577,0.0,56.333333333333336,1.0,0.0,4.0,4.0,1,Additional Review or Follow-up,SEVERE_SALES_CONTRACTION|SEVERE_EMPLOYMENT_SHORTFALL|SALES_CONTRACTION|EMPLOYMENT_BELOW_BASELINE|SUSTAINED_DECLINE|LABOR_CONTRACTION
SETUP-0028,volatile,2022,4,74820.0,-28.34705995020111,5,-28.57142857142857,12.35,0.8607774659182036,0.13922253408179638,0.48421782897385657,0.4117882919005613,11.0,3.0,0.25,-0.09764308932036435,0.21746188511000356,0.47432276351777086,0.0,49.4,1.0,1.0,8.0,4.0,0,Routine Monitoring,EMPLOYMENT_BELOW_BASELINE
SETUP-0028,volatile,2023,1,75000.0,0.24057738572574178,6,-14.285714285714285,17.0,0.6662266666666666,0.3337733333333333,0.3540766906158065,0.2538666666666667,8.5,3.0,0.39999999999999997,-0.18717477767940907,0.11703119254890482,0.47546387682214397,0.3333333333333333,56.666666666666664,2.0,0.0,0.0,1.0,0,Routine Monitoring,EMPLOYMENT_BELOW_BASELINE
SETUP-0029,stable,2022,2,248370.0,28.35658914728682,20,11.11111111111111,60.95,0.601129363449692,0.398870636550308,0.24371145828100665,0.2672222893264082,9.0,0.0,0.8101745164559431,0.2483535881594134,0.0,1.4728625650574343,0.65,60.95,4.0,0.0,0.0,0.0,0,Routine Monitoring,SALES_CONTRACTION
SETUP-0029,stable,2022,3,211490.0,-14.848814269034103,19,5.555555555555555,57.0,0.662821268145066,0.337178731854934,0.3318581592946843,0.31093668731382096,7.666666666666667,0.0,0.8734496776372954,0.04130188563732093,0.2160270170816046,1.2541599383339244,0.3684210526315789,60.0,3.0,1.0,6.0,1.0,0,Routine Monitoring,
SETUP-0030,volatile,2022,4,224355.0,-8.950529605129661,12,-7.6923076923076925,31.55,0.7164790176283123,0.2835209823716876,0.4255163981109286,0.32196741770854226,0.0,2.0,0.3333333333333333,0.040454891300333154,0.14254498184418302,0.5288983774414769,0.3333333333333333,52.583333333333336,2.0,2.0,16.0,3.0,1,Additional Review or Follow-up,SEVERE_SALES_CONTRACTION|SEVERE_EMPLOYMENT_SHORTFALL|SALES_CONTRACTION|EMPLOYMENT_BELOW_BASELINE|SUSTAINED_DECLINE|LABOR_CONTRACTION
SETUP-0030,volatile,2023,1,157635.0,-29.738583940629802,10,-23.076923076923077,23.65,0.7847007961429886,0.21529920385701137,0.44631371784655494,0.3589621594189108,0.0,3.0,0.25,-0.0802636309167166,0.20207548878685005,0.3716114895054143,0.2,47.3,1.0,1.0,10.0,3.0,1,Additional Review or Follow-up,SEVERE_EMPLOYMENT_SHORTFALL|EMPLOYMENT_BELOW_BASELINE
SETUP-0030,volatile,2023,2,189230.0,20.043137628064834,10,-23.076923076923077,29.1,0.6234393066638482,0.3765606933361518,0.36595980687853247,0.3095175183638958,0.0,4.0,0.2,-0.11656128077492264,0.2041512441801682,0.4460940917886862,0.1,58.2,3.0,1.0,0.0,3.0,1,Additional Review or Follow-up,SEVERE_SALES_CONTRACTION|SEVERE_EMPLOYMENT_SHORTFALL|SALES_CONTRACTION|EMPLOYMENT_BELOW_BASELINE|LABOR_CONTRACTION
SETUP-0031,volatile,2022,2,49200.0,-50.0,15,-16.666666666666664,37.5,0.7283219512195123,0.27167804878048774,0.3837022066538964,0.3067073170731707,0.0,1.0,0.5,-0.6666666666666666,0.0,0.6123093976985007,0.26666666666666666,50.0,2.0,1.0,9.0,3.0,0,Routine Monitoring,EMPLOYMENT_BELOW_BASELINE
SETUP-0031,volatile,2022,3,68355.0,38.9329268292683,16,-11.11111111111111,44.3,0.7447137736815156,0.25528622631848447,0.28726678821355345,0.3257991368590447,0.0,2.0,0.33333333333333337,-0.20868931027297355,0.4446646341463415,0.8506993674731913,0.25,55.375,4.0,0.0,0.0,1.0,0,Routine Monitoring,EMPLOYMENT_BELOW_BASELINE
SETUP-0031,volatile,2022,4,87300.0,27.715602369980253,17,-5.555555555555555,48.6,0.5319933562428408,0.46800664375715917,0.2834094337534467,0.286368843069874,0.0,2.0,0.5,-0.018657565415244597,0.3954548533605014,1.0864758215259982,0.47058823529411764,57.1764705882353,5.0,0.0,0.0,0.0,1,Additional Review or Follow-up,SEVERE_SALES_CONTRACTION|SALES_CONTRACTION|EMPLOYMENT_BELOW_BASELINE|LABOR_CONTRACTION
SETUP-0032,declining,2022,2,327300.0,-28.86870157671118,16,-20.0,38.95,0.9097537121906508,0.09024628780934918,0.4392408994299112,0.3767033302780324,0.0,2.0,0.0,-0.33738657793976645,0.0,0.710531466791267,0.125,48.6875,1.0,2.0,18.0,3.0,1,Additional Review or Follow-up,SEVERE_SALES_CONTRACTION|SEVERE_EMPLOYMENT_SHORTFALL|SALES_CONTRACTION|EMPLOYMENT_BELOW_BASELINE|SUSTAINED_DECLINE
SETUP-0032,declining,2022,3,244500.0,-25.29789184234647,16,-20.0,38.85,0.8200152556237219,0.17998474437627807,0.4650797309222588,0.3096523517382413,23.0,2.0,0.33333333333333337,-0.31344270714725253,0.017854048671823552,0.5307819848165743,0.125,48.5625,2.0,2.0,17.0,4.0,1,Additional Review or Follow-up,SEVERE_EMPLOYMENT_SHORTFALL|EMPLOYMENT_BELOW_BASELINE|SUSTAINED_DECLINE
SETUP-0032,declining,2022,4,226845.0,-7.220858895705522,16,-20.0,36.45,0.8561024047256937,0.1438975952743063,0.37424621870310154,0.3278009213339505,23.0,3.0,0.25,-0.24870747866982315,0.09476045207988325,0.49245496664914434,0.3125,45.5625,2.0,2.0,13.0,2.0,1,Additional Review or Follow-up,SEVERE_EMPLOYMENT_SHORTFALL|SALES_CONTRACTION|EMPLOYMENT_BELOW_BASELINE|SUSTAINED_DECLINE
SETUP-0032,declining,2023,1,173975.0,-23.306663140029535,16,-20.0,42.05,0.7962822819370599,0.20371771806294012,0.4742982567140399,0.3432964506394597,23.0,4.0,0.19999999999999998,-0.19643026053340462,0.08093187876820203,0.3776801464558835,0.0625,52.5625,1.0,1.0,3.0,4.0,1,Additional Review or Follow-up,SEVERE_EMPLOYMENT_SHORTFALL|EMPLOYMENT_BELOW_BASELINE|SUSTAINED_DECLINE|LABOR_CONTRACTION
SETUP-0032,declining,2023,2,159300.0,-8.435119988504097,13,-35.0,30.45,0.8838306967984935,0.11616930320150652,0.4258695118400804,0.4024482109227872,23.0,5.0,0.16666666666666666,-0.15334940717357262,0.07313536337929066,0.34582237292957174,0.15384615384615385,46.84615384615385,1.0,2.0,13.0,3.0,1,Additional Review or Follow-up,SEVERE_EMPLOYMENT_SHORTFALL|SALES_CONTRACTION|EMPLOYMENT_BELOW_BASELINE|SUSTAINED_DECLINE|LABOR_CONTRACTION
SETUP-0032,declining,2023,3,141240.0,-11.337099811676083,11,-45.0,25.15,1.018815986972529,-0.018815986972529078,0.41018309065260794,0.3659020107618238,23.0,6.0,0.14285714285714285,-0.15483631801072203,0.06436482207552371,0.3066161453394395,0.2727272727272727,45.72727272727273,1.0,1.0,12.0,3.0,1,Additional Review or Follow-up,SEVERE_EMPLOYMENT_SHORTFALL|EMPLOYMENT_BELOW_BASELINE|SUSTAINED_DECLINE
SETUP-0033,stable,2022,2,362770.0,10.553422319741573,10,-9.090909090909092,29.15,0.6846655732282162,0.31533442677178375,0.34807684619290913,0.34869200871075334,8.0,1.0,0.5,0.10024460494130928,0.0,1.0308050360865586,0.4,58.3,2.0,1.0,0.0,2.0,0,Routine Monitoring,EMPLOYMENT_BELOW_BASELINE
SETUP-0033,stable,2022,3,445860.0,22.904319541307164,10,-9.090909090909092,28.45,0.6278533171847666,0.3721466828152335,0.38272442699846976,0.2582761404925313,7.5,1.0,0.6666666666666666,0.15533485225683297,0.06175448610782795,1.2669039153997106,0.6,56.9,4.0,1.0,4.0,0.0,0,Routine Monitoring,SALES_CONTRACTION
SETUP-0033,stable,2022,4,356400.0,-20.06459426725878,11,0.0,32.65,0.7556833052749719,0.24431669472502815,0.33088894320564416,0.30652356902356903,7.0,1.0,0.75,0.044970097175807175,0.18062653784927724,1.0127047850187432,0.36363636363636365,59.36363636363637,2.0,0.0,0.0,2.0,1,Additional Review or Follow-up,EMPLOYMENT_BELOW_BASELINE|SUSTAINED_DECLINE
SETUP-0033,stable,2023,1,343500.0,-3.61952861952862,10,-9.090909090909092,30.4,0.6606464919941776,0.33935350800582237,0.35060756287112704,0.31943231441048037,9.75,1.0,0.8,-0.03904993603044023,0.17702109916005918,0.976049645493654,0.4,60.8,3.0,1.0,4.0,1.0,0,Routine Monitoring,
SETUP-0033,stable,2023,2,388250.0,13.027656477438137,11,0.0,32.5,0.6623852157115261,0.3376147842884739,0.38671287508011204,0.3559562137797811,10.0,1.0,0.8333333333333334,-0.04842993200826592,0.13509938790718815,1.10320604035782,0.5454545454545454,59.09090909090909,3.0,0.0,2.0,1.0,1,Additional Review or Follow-up,SEVERE_SALES_CONTRACTION|SALES_CONTRACTION|EMPLOYMENT_BELOW_BASELINE|LABOR_CONTRACTION
SETUP-0034,volatile,2022,2,430680.0,14.542553191489363,7,16.666666666666664,18.85,0.6214360081731216,0.37856399182687844,0.33642796224152693,0.21877031670846103,0.0,0.0,1.0,0.13556800714037784,0.0,1.8167600416562306,0.5714285714285714,53.857142857142854,5.0,1.0,0.0,0.0,0,Routine Monitoring,
SETUP-0034,volatile,2022,3,423600.0,-1.6439119531903037,7,16.666666666666664,20.55,0.5108564919735599,0.48914350802644013,0.28429989980074294,0.2904154863078376,0.0,0.0,1.0,0.058035569138732646,0.08093232572339834,1.7868941061706587,0.2857142857142857,58.714285714285715,4.0,1.0,0.0,0.0,1,Additional Review or Follow-up,SEVERE_SALES_CONTRACTION|SALES_CONTRACTION|SUSTAINED_DECLINE|LABOR_CONTRACTION
SETUP-0034,volatile,2022,4,245520.0,-42.039660056657226,6,0.0,13.35,0.8040922124470512,0.19590778755294883,0.4846070868346545,0.36573395242750084,0.0,1.0,0.75,-0.10801463612955685,0.2379394174709515,1.03568989836407,0.16666666666666666,44.5,1.0,2.0,12.0,3.0,0,Routine Monitoring,
SETUP-0034,volatile,2023,1,563505.0,129.5149071358749,8,33.33333333333333,20.1,0.4635441034241045,0.5364558965758954,0.2843361851192044,0.2180814722140886,0.0,1.0,0.8,0.05300170443785115,0.732313091923984,2.3770627084459326,0.375,50.25,5.0,1.0,0.0,1.0,0,Routine Monitoring,
SETUP-0034,volatile,2023,2,769490.0,36.554245303945834,7,16.666666666666664,17.7,0.4115037362408868,0.5884962637591131,0.26282524245138944,0.24153660216507036,0.0,1.0,0.8333333333333334,0.2708445818546887,0.7011867411172664,3.2459800419198777,0.42857142857142855,50.57142857142857,5.0,0.0,0.0,0.0,0,Routine Monitoring,
SETUP-0034,volatile,2023,3,950000.0,23.458394521046408,8,33.33333333333333,20.85,0.5416671578947369,0.45833284210526315,0.17968387267535435,0.24621578947368422,0.0,1.0,0.8571428571428571,0.36692287765743925,0.47212486370989126,4.00743484622787,0.625,52.125,4.0,1.0,0.0,0.0,0,Routine Monitoring,
SETUP-0035,volatile,2022,4,111080.0,-1.3936972924988904,8,0.0,17.8,0.6598736046092906,0.34012639539070944,0.3199182359974439,0.3178339935181851,2.0,2.0,0.3333333333333333,0.005756603603873714,0.019946628538997185,0.6950776419810126,0.75,44.5,2.0,1.0,0.0,1.0,0,Routine Monitoring,EMPLOYMENT_BELOW_BASELINE
SETUP-0035,volatile,2023,1,120900.0,8.840475333093266,7,-12.5,20.75,0.5270777502067825,0.47292224979321756,0.3585099421408362,0.19520264681555005,1.0,2.0,0.5,0.02792949409149924,0.04211770833166319,0.7565258094661904,0.7142857142857143,59.285714285714285,3.0,1.0,0.0,1.0,1,Additional Review or Follow-up,SEVERE_EMPLOYMENT_SHORTFALL|SALES_CONTRACTION|EMPLOYMENT_BELOW_BASELINE
SETUP-0035,volatile,2023,2,90730.0,-24.954507857733667,6,-25.0,17.8,0.8215813953488372,0.17841860465116277,0.4569004513960436,0.35269480877328335,1.0,3.0,0.39999999999999997,-0.051396545387725104,0.14149797692662816,0.5677385168971667,0.16666666666666666,59.333333333333336,1.0,1.0,2.0,3.0,0,Routine Monitoring,EMPLOYMENT_BELOW_BASELINE
SETUP-0036,stable,2022,2,95265.0,7.280405405405406,20,5.263157894736842,56.55,0.5548063821970293,0.4451936178029707,0.4040076339127511,0.3404188316800504,0.0,2.0,0.0,0.07024692364110505,0.0,1.1372612828698834,0.3,56.55,4.0,1.0,0.0,1.0,0,Routine Monitoring,
SETUP-0036,stable,2022,3,104720.0,9.924946202697738,19,0.0,53.7,0.6992121848739495,0.3007878151260504,0.31321879502605104,0.2457505729564553,4.0,2.0,0.33333333333333337,0.08269127551638762,0.013222703986461658,1.2501338533788293,0.42105263157894735,56.526315789473685,5.0,1.0,0.0,2.0,0,Routine Monitoring,SALES_CONTRACTION
SETUP-0037,growing,2022,2,362430.0,17.576642335766422,14,7.6923076923076925,43.9,0.5998315536793312,0.4001684463206688,0.2981143479703832,0.2629197362249262,11.0,0.0,0.8737511189393815,0.1615673644659152,0.0,0.7678153450173052,0.2857142857142857,62.714285714285715,3.0,2.0,0.0,1.0,0,Routine Monitoring,
SETUP-0037,growing,2022,3,357130.0,-1.4623513506056343,13,0.0,42.3,0.5403259037325344,0.4596740962674656,0.34861791359841093,0.3212555652003472,7.333333333333333,0.0,0.915834079292921,0.07133614189392981,0.09519496843186029,0.7565871869492873,0.23076923076923078,65.07692307692308,4.0,2.0,0.0,0.0,1,Additional Review or Follow-up,SALES_CONTRACTION|SUSTAINED_DECLINE
SETUP-0038,volatile,2022,2,171900.0,-22.983870967741936,9,-10.0,23.0,0.7799262943571843,0.22007370564281567,0.44871768957150754,0.36489237929028506,14.0,0.0,1.0,-0.25968109339407747,0.0,0.6200304572378357,0.0,51.111111111111114,1.0,1.0,12.0,4.0,0,Routine Monitoring,
SETUP-0038,volatile,2022,3,217590.0,26.57940663176265,10,0.0,27.55,0.43600886989291787,0.5639911301070821,0.23539500988551107,0.2623282319959557,9.333333333333334,0.0,1.0,-0.013734515007589482,0.24781638799752292,0.7848308737078573,0.5,55.1,6.0,0.0,0.0,0.0,0,Routine Monitoring,
SETUP-0039,growing,2022,2,112580.0,-12.87052085751877,17,-10.526315789473683,50.95,0.7277933025404157,0.2722066974595843,0.29082539482225966,0.3155089713981169,15.0,0.0,1.0,-0.137557384507217,0.0,0.9058090901538721,0.35294117647058826,59.94117647058823,4.0,0.0,0.0,1.0,0,Routine Monitoring,
SETUP-0039,growing,2022,3,132280.0,17.498667614141056,22,15.789473684210526,66.4,0.5269426217115211,0.473057378288479,0.23118611465028463,0.25468702751738737,10.0,0.0,1.0,0.012310530114684417,0.15184594235829912,1.0643136120585734,0.5,60.36363636363637,5.0,1.0,0.0,0.0,0,Routine Monitoring,
SETUP-0040,declining,2022,2,294900.0,-1.886415809961074,8,-11.11111111111111,19.55,0.8178774499830451,0.1821225500169549,0.380863283807933,0.38986096982027807,0.0,2.0,0.0,-0.019043780543100408,0.0,0.7965860413004335,0.0,48.875,2.0,1.0,13.0,3.0,1,Additional Review or Follow-up,SEVERE_EMPLOYMENT_SHORTFALL|EMPLOYMENT_BELOW_BASELINE
SETUP-0040,declining,2022,3,297390.0,0.844354018311292,7,-22.22222222222222,19.1,0.7557266216079894,0.24427337839201055,0.3711828052294163,0.3209253841756616,0.0,3.0,0.0,-0.005342382904374706,0.01365384914136183,0.8033120475494606,0.42857142857142855,54.57142857142857,2.0,0.0,0.0,3.0,1,Additional Review or Follow-up,SEVERE_SALES_CONTRACTION|SEVERE_EMPLOYMENT_SHORTFALL|SALES_CONTRACTION|EMPLOYMENT_BELOW_BASELINE
SETUP-0040,declining,2022,4,147300.0,-50.46908100474125,6,-33.33333333333333,16.35,0.7623993890020367,0.23760061099796329,0.398157441094027,0.3795655125594026,0.0,4.0,0.0,-0.17586525149976925,0.23572114116161688,0.3978878395508778,0.16666666666666666,54.5,1.0,0.0,2.0,3.0,1,Additional Review or Follow-up,SEVERE_EMPLOYMENT_SHORTFALL|EMPLOYMENT_BELOW_BASELINE|SUSTAINED_DECLINE
SETUP-0041,stable,2022,2,383460.0,11.225200139227288,8,0.0,23.45,0.7591599645334585,0.24084003546654154,0.3411241442507764,0.3014786418400876,0.0,2.0,0.0,0.1062865617533163,0.0,1.023933244657962,0.5,58.625,3.0,2.0,0.0,1.0,0,Routine Monitoring,
SETUP-0041,stable,2022,3,354180.0,-7.635737756219683,8,0.0,23.75,0.7262974758597323,0.27370252414026774,0.36659689525783007,0.3034050482805353,0.0,3.0,0.0,0.013054323725055432,0.09430468947723486,0.945748387297129,0.25,59.375,1.0,1.0,0.0,2.0,1,Additional Review or Follow-up,SALES_CONTRACTION|SUSTAINED_DECLINE
SETUP-0041,stable,2022,4,310020.0,-12.468236489920379,8,0.0,23.95,0.6857233081736662,0.3142766918263338,0.3750412182365566,0.2993355267402103,0.0,4.0,0.0,-0.0383504976946611,0.10222344597370794,0.8278302417693147,0.375,59.875,2.0,1.0,1.0,2.0,0,Routine Monitoring,
SETUP-0041,stable,2023,1,311790.0,0.5709309076833753,8,0.0,24.15,0.7485415824753839,0.251458417524616,0.3025942917834002,0.33884986689759133,0.0,5.0,0.0,-0.07625730994152047,0.053822996013996344,0.8325565804827257,0.5,60.375,3.0,1.0,4.0,1.0,0,Routine Monitoring,
SETUP-0041,stable,2023,2,358455.0,14.966804580005775,8,0.0,23.95,0.6413959074360799,0.3586040925639201,0.40093536832443877,0.2666861949198644,0.0,6.0,0.0,0.0043748524667558426,0.11204872668822517,0.9571636969015539,0.375,59.875,3.0,0.0,0.0,3.0,0,Routine Monitoring,
SETUP-0041,stable,2023,3,384600.0,7.293802569360171,8,0.0,23.45,0.6943346073842953,0.3056653926157047,0.24123954107586965,0.29479979199167966,0.0,7.0,0.0,0.07924739809431702,0.05881356060790871,1.0269773272191423,0.125,58.625,3.0,1.0,0.0,1.0,1,Additional Review or Follow-up,SALES_CONTRACTION|EMPLOYMENT_BELOW_BASELINE
SETUP-0042,stable,2022,2,286080.0,1.5386253527125593,17,0.0,48.55,0.7189206865212527,0.28107931347874726,0.37256530316237035,0.26174496644295303,23.0,1.0,0.5,0.015268788799366002,0.0,0.831346179706688,0.35294117647058826,57.11764705882353,1.0,1.0,2.0,3.0,0,Routine Monitoring,EMPLOYMENT_BELOW_BASELINE
SETUP-0042,stable,2022,3,320565.0,12.054320469798657,15,-11.76470588235294,44.55,0.7432746868809758,0.2567253131190243,0.4034003748302593,0.2907990579133717,23.0,2.0,0.33333333333333337,0.0655455374328842,0.05257847558543049,0.9315593124219604,0.2,59.4,2.0,0.0,0.0,2.0,0,Routine Monitoring,
SETUP-0042,stable,2022,4,454620.0,41.81835197229891,19,11.76470588235294,56.0,0.5405939685891514,0.45940603141084857,0.274680555391103,0.2850512515947385,23.0,3.0,0.25,0.16473741818750418,0.1705850648544574,1.3211220645213035,0.7894736842105263,58.94736842105263,7.0,0.0,0.0,0.0,1,Additional Review or Follow-up,SALES_CONTRACTION|EMPLOYMENT_BELOW_BASELINE|LABOR_CONTRACTION
SETUP-0042,stable,2023,1,395160.0,-13.079055034974264,16,-5.88235294117647,47.0,0.633620204474137,0.366379795525863,0.29153512066553194,0.268018018018018,23.0,4.0,0.19999999999999998,0.12669241464545034,0.2243833384502699,1.148331782623374,0.5,58.75,3.0,1.0,2.0,0.0,0,Routine Monitoring,EMPLOYMENT_BELOW_BASELINE
SETUP-0043,declining,2022,2,253440.0,9.213134534172198,12,-14.285714285714285,33.1,0.8542816445707071,0.14571835542929287,0.35501332645818096,0.3273555871212121,0.0,2.0,0.0,0.08807415036045314,0.0,0.8602520188123106,0.3333333333333333,55.166666666666664,1.0,1.0,17.0,2.0,0,Routine Monitoring,
SETUP-0043,declining,2022,3,260260.0,2.6909722222222223,14,0.0,34.25,0.6850224775224776,0.3149775224775224,0.34208384994835483,0.33430031506954583,0.0,3.0,0.0,0.05672066080240292,0.032610811559749875,0.8834011616796558,0.42857142857142855,48.92857142857143,4.0,0.0,1.0,3.0,0,Routine Monitoring,EMPLOYMENT_BELOW_BASELINE
SETUP-0043,declining,2022,4,251505.0,-3.3639437485591333,13,-7.142857142857142,33.55,0.7400330410926224,0.25996695890737764,0.30645145085205133,0.28468618914136895,0.0,4.0,0.0,0.026133475054273436,0.05135751668089923,0.8536840435266342,0.38461538461538464,51.61538461538461,1.0,0.0,0.0,3.0,1,Additional Review or Follow-up,SEVERE_SALES_CONTRACTION|SEVERE_EMPLOYMENT_SHORTFALL|SALES_CONTRACTION|EMPLOYMENT_BELOW_BASELINE|SUSTAINED_DECLINE|LABOR_CONTRACTION
SETUP-0044,volatile,2022,2,287880.0,35.651682216567714,11,22.22222222222222,28.05,0.4521444351813255,0.5478555648186745,0.2879078702190648,0.2213074892316243,0.5,0.0,1.0,0.30257948410317936,0.0,1.9002469997659015,0.6363636363636364,51.0,5.0,0.0,0.0,0.0,0,Routine Monitoring,
SETUP-0044,volatile,2022,3,360045.0,25.067736556898705,11,22.22222222222222,29.9,0.5153902428863059,0.48460975711369414,0.3058662126122957,0.21577858323265148,1.0,0.0,1.0,0.25779083759133636,0.05291972829834504,2.3765959115975894,0.36363636363636365,54.36363636363637,7.0,0.0,0.0,0.0,0,Routine Monitoring,SALES_CONTRACTION
SETUP-0044,volatile,2022,4,303075.0,-15.82302212223472,11,22.22222222222222,31.6,0.5436792873051225,0.4563207126948775,0.2545328313172581,0.2816959498473975,1.0,1.0,0.7499999999999999,0.11854335379377934,0.22195393010084769,2.0005466147493767,0.7272727272727273,57.45454545454545,5.0,0.0,0.0,0.0,0,Routine Monitoring,
SETUP-0044,volatile,2023,1,334695.0,10.433061123484286,12,33.33333333333333,31.9,0.6124535173814966,0.3875464826185035,0.2392234012291526,0.17285887150988213,2.5,1.0,0.7999999999999999,0.025970389555843337,0.16916821929673814,2.209264865869975,0.5833333333333334,53.166666666666664,6.0,0.0,0.0,0.0,0,Routine Monitoring,
SETUP-0044,volatile,2023,2,324450.0,-3.060995832026173,13,44.44444444444444,35.65,0.6873350901525659,0.3126649098474341,0.3270266831989669,0.3362921867776237,2.5,2.0,0.6666666666666666,-0.02273825594718154,0.1072038968796616,2.1416393604072765,0.07692307692307693,54.84615384615385,2.0,3.0,0.0,2.0,0,Routine Monitoring,LABOR_CONTRACTION
SETUP-0045,recovering,2022,2,302640.0,9.479624504856476,14,-6.666666666666667,39.35,0.7583765530002644,0.24162344699973562,0.3760817372000132,0.3551083795929157,0.0,2.0,0.0,0.09050641108664681,0.0,1.010617696989806,0.14285714285714285,56.214285714285715,3.0,1.0,3.0,1.0,0,Routine Monitoring,
SETUP-0045,recovering,2022,3,343350.0,13.451625693893735,15,0.0,39.9,0.7739845347313238,0.2260154652686762,0.31877677611300254,0.21830493665356052,0.0,2.0,0.3333333333333333,0.10881372469306448,0.01986000594518629,1.1465622067851238,0.4,53.2,3.0,1.0,0.0,2.0,0,Routine Monitoring,EMPLOYMENT_BELOW_BASELINE
SETUP-0045,recovering,2022,4,332400.0,-3.1891655744866756,14,-6.666666666666667,38.4,0.6175296329723226,0.3824703670276775,0.29825512497512385,0.3829121540312876,0.0,3.0,0.25,0.06649692188153726,0.07096094149115355,1.1099964395962578,0.42857142857142855,54.857142857142854,2.0,0.0,5.0,1.0,0,Routine Monitoring,SUSTAINED_DECLINE
SETUP-0045,recovering,2023,1,325320.0,-2.1299638989169676,17,13.333333333333334,47.45,0.49961308865117426,0.5003869113488257,0.2980789942395483,0.406246157629411,0.0,3.0,0.39999999999999997,0.01751616540488299,0.07607187949317132,1.086353916153594,0.058823529411764705,55.8235294117647,5.0,1.0,0.0,0.0,0,Routine Monitoring,
SETUP-0045,recovering,2023,2,398730.0,22.565473994835855,15,0.0,41.2,0.6866493115642165,0.3133506884357835,0.39613082663178995,0.29640358137085243,1.3333333333333333,3.0,0.49999999999999994,0.04545220745820831,0.11899057013522105,1.331494826595114,0.4,54.93333333333333,5.0,0.0,0.0,0.0,0,Routine Monitoring,
SETUP-0045,recovering,2023,3,587400.0,47.31773380483034,19,26.666666666666668,52.6,0.607172761321076,0.39282723867892405,0.28072650838932417,0.18944501191692203,1.0,3.0,0.5714285714285713,0.2040113149009946,0.2018694249774907,1.9615280042684773,0.7368421052631579,55.36842105263158,4.0,0.0,0.0,0.0,0,Routine Monitoring,
SETUP-0046,stable,2022,2,275220.0,30.721003134796238,12,0.0,35.45,0.522088183998256,0.477911816001744,0.32506680568903235,0.3409454254777996,0.0,2.0,0.0,0.266304347826087,0.0,1.1345877394524504,0.5,59.083333333333336,6.0,1.0,0.0,1.0,0,Routine Monitoring,
SETUP-0046,stable,2023,2,541950.0,53.112683815739295,15,25.0,44.4,0.46658422363686686,0.5334157763631331,0.21102992691919953,0.23926561490912446,2.6666666666666665,2.0,0.5721090751231251,0.22773666467569018,0.18723199633718068,2.234175660912199,0.4,59.2,3.0,1.0,0.0,0.0,0,Routine Monitoring,
SETUP-0046,stable,2023,3,553060.0,2.0500046129716765,13,8.333333333333332,39.9,0.6395137598090622,0.3604862401909377,0.3121785527802524,0.2911257368097494,2.75,2.0,0.6434242292692709,0.20812321507224962,0.21810960463843398,2.2799763650227898,0.3076923076923077,61.38461538461539,2.0,0.0,0.0,1.0,0,Routine Monitoring,
SETUP-0047,volatile,2022,2,287920.0,22.618287125761256,21,23.52941176470588,54.5,0.6043409627674353,0.3956590372325647,0.2793308806774181,0.31380244512364547,2.5,0.0,1.0,0.20320241807434047,0.0,1.4076672789276188,0.42857142857142855,51.904761904761905,4.0,2.0,0.0,1.0,1,Additional Review or Follow-up,SEVERE_SALES_CONTRACTION|SALES_CONTRACTION|EMPLOYMENT_BELOW_BASELINE|LABOR_CONTRACTION
SETUP-0047,volatile,2022,3,167370.0,-41.86926924145596,15,-11.76470588235294,42.75,0.8945147278484794,0.10548527215152062,0.5016182420818017,0.32538686741948974,2.5,1.0,0.6666666666666666,-0.14658745109404434,0.32243778183608607,0.8182872758895372,0.13333333333333333,57.0,1.0,1.0,11.0,3.0,1,Additional Review or Follow-up,SEVERE_SALES_CONTRACTION|SEVERE_EMPLOYMENT_SHORTFALL|SALES_CONTRACTION|EMPLOYMENT_BELOW_BASELINE|SUSTAINED_DECLINE|LABOR_CONTRACTION
SETUP-0047,volatile,2022,4,78180.0,-53.28911991396308,12,-29.411764705882355,32.4,0.8924496034791508,0.10755039652084925,0.39113746818015493,0.3835379892555641,2.5,2.0,0.5,-0.3074087572239288,0.3341821253131254,0.38222918820005986,0.16666666666666666,54.0,2.0,3.0,11.0,3.0,0,Routine Monitoring,EMPLOYMENT_BELOW_BASELINE
SETUP-0047,volatile,2023,1,96780.0,23.791250959324636,16,-5.88235294117647,43.8,0.6663581318454226,0.3336418681545774,0.3067532494114604,0.18102913825170489,4.0,2.0,0.6000000000000001,-0.4205378817929393,0.3396583328448205,0.4731662936045254,0.375,54.75,5.0,1.0,0.0,0.0,0,Routine Monitoring,
SETUP-0047,volatile,2023,2,131675.0,36.05600330646828,17,0.0,43.7,0.5695677235617999,0.4304322764382001,0.2308037445883434,0.20983482058097588,4.0,3.0,0.5000000000000001,-0.07467009841668337,0.39545134224318657,0.6437711480716665,0.47058823529411764,51.411764705882355,4.0,0.0,0.0,0.0,0,Routine Monitoring,
SETUP-0048,recovering,2022,2,175875.0,13.658394726638232,12,0.0,33.75,0.7804586780383794,0.21954132196162057,0.44648983409023707,0.3402132196162047,25.0,0.0,1.0,0.1278526382650515,0.0,0.9585939466624974,0.25,56.25,2.0,1.0,0.0,2.0,0,Routine Monitoring,EMPLOYMENT_BELOW_BASELINE
SETUP-0048,recovering,2022,3,174240.0,-0.929637526652452,11,-8.333333333333332,30.25,0.7568092860422405,0.2431907139577595,0.31844460816227327,0.31671831955922863,25.0,1.0,0.6666666666666667,0.05793742757821553,0.07294016126645342,0.9496824976061041,0.45454545454545453,55.0,2.0,0.0,14.0,2.0,0,Routine Monitoring,
SETUP-0048,recovering,2022,4,215090.0,23.44467401285583,13,8.333333333333332,35.8,0.5740990283137292,0.42590097168627084,0.268050182794452,0.2529406295039286,25.0,2.0,0.5,0.0996826146441742,0.10014927804232526,1.1723324633270025,0.6923076923076923,55.07692307692308,4.0,1.0,0.0,0.0,0,Routine Monitoring,
SETUP-0048,recovering,2023,1,207030.0,-3.7472685852433867,12,0.0,32.85,0.6991177124088296,0.30088228759117036,0.29516691983616783,0.26189441143795583,25.0,3.0,0.39999999999999997,0.06957208621727842,0.1220859374041119,1.1284020172141398,0.5,54.75,3.0,0.0,0.0,1.0,0,Routine Monitoring,
SETUP-0049,stable,2022,2,136125.0,11.377025036818852,22,4.761904761904762,62.05,0.5443830303030303,0.4556169696969697,0.2906492133907768,0.23449035812672175,0.0,2.0,0.0,0.10764675143703188,0.0,1.2577301318138137,0.45454545454545453,56.40909090909091,2.0,2.0,0.0,1.0,0,Routine Monitoring,
SETUP-0049,stable,2022,3,138050.0,1.4141414141414141,22,4.761904761904762,67.8,0.6205698659905832,0.3794301340094168,0.3283535468270159,0.2949293734154292,0.0,2.0,0.3333333333333333,0.05990237011062199,0.04981441811338719,1.2755162144859282,0.2727272727272727,61.63636363636363,4.0,0.0,0.0,1.0,0,Routine Monitoring,
SETUP-0049,stable,2022,4,129600.0,-6.120970662803332,23,9.523809523809524,67.3,0.6138857253086419,0.38611427469135806,0.3504681208135939,0.2824074074074074,0.0,3.0,0.25,0.01830055418777745,0.0716640943410552,1.1974422411979448,0.391304347826087,58.52173913043478,4.0,0.0,0.0,1.0,0,Routine Monitoring,
SETUP-0049,stable,2023,1,145170.0,12.01388888888889,23,9.523809523809524,68.6,0.6375128470069573,0.3624871529930427,0.253752495738956,0.30777708893021977,0.0,3.0,0.4,0.013615207352284837,0.07438680375055605,1.3413016215640867,0.4782608695652174,59.65217391304348,3.0,1.0,0.0,0.0,0,Routine Monitoring,
SETUP-0049,stable,2023,2,156780.0,7.9975201487910725,23,9.523809523809524,68.8,0.7089700854700854,0.2910299145299146,0.36044561549002174,0.22388059701492538,0.0,4.0,0.3333333333333333,0.05039325842696629,0.07777004076214504,1.448572489004736,0.34782608695652173,59.82608695652174,2.0,1.0,0.0,1.0,0,Routine Monitoring,
SETUP-0050,growing,2022,2,327645.0,13.03560339474229,16,0.0,50.2,0.6119457949915305,0.3880542050084695,0.29278744672469925,0.2085336263333791,0.0,2.0,0.0,0.12237957587387957,0.0,0.8295867482147818,0.3125,62.75,3.0,0.0,0.0,1.0,0,Routine Monitoring,
SETUP-0050,growing,2022,3,408780.0,24.763081994231563,18,12.5,57.1,0.5217221243700768,0.47827787562992324,0.2609867408650939,0.23441704584373013,0.0,2.0,0.3333333333333333,0.17381136818719947,0.05863739299744636,1.0350179948884877,0.3333333333333333,63.44444444444444,6.0,1.0,0.0,0.0,0,Routine Monitoring,
SETUP-0050,growing,2022,4,434160.0,6.208718626155878,17,6.25,53.5,0.6285572599963147,0.3714427400036853,0.2927618307475836,0.28370877096001473,1.0,2.0,0.5,0.1407885952569251,0.07662350306238541,1.0992793499211944,0.5882352941176471,62.94117647058823,5.0,1.0,0.0,0.0,0,Routine Monitoring,
SETUP-0050,growing,2023,1,454250.0,4.62732633130643,21,31.25,64.4,0.6155396147495872,0.38446038525041276,0.302976582967486,0.18745184369840395,0.6666666666666666,2.0,0.6000000000000001,0.09975043619813705,0.09142172472800127,1.1501465927347119,0.5714285714285714,61.333333333333336,6.0,1.0,0.0,0.0,0,Routine Monitoring,
SETUP-0051,declining,2022,2,130260.0,-1.55683192261185,19,0.0,47.5,0.7781439428834638,0.22185605711653617,0.3771448455091666,0.31517733763242745,1.0,1.0,0.353890457143718,-0.01569045624190723,0.0,0.9601828902942398,0.15789473684210525,50.0,2.0,2.0,13.0,2.0,0,Routine Monitoring,
SETUP-0051,declining,2022,3,141300.0,8.47535697835099,19,0.0,45.3,0.6948325548478415,0.30516744515215855,0.32368304939181,0.33145789101203116,3.0,1.0,0.477205987045659,0.03335149054174508,0.050160944504814196,1.0415618178917248,0.2631578947368421,47.68421052631579,2.0,1.0,0.0,3.0,0,Routine Monitoring,EMPLOYMENT_BELOW_BASELINE
SETUP-0051,declining,2022,4,128400.0,-9.129511677282377,18,-5.263157894736842,45.15,0.8236059190031153,0.17639408099688472,0.3816644759860427,0.38960280373831774,3.0,2.0,0.35790449028424426,-0.0005410686105057488,0.0721049923678814,0.9464723101011852,0.3888888888888889,50.166666666666664,3.0,2.0,6.0,2.0,1,Additional Review or Follow-up,SALES_CONTRACTION|EMPLOYMENT_BELOW_BASELINE|SUSTAINED_DECLINE
SETUP-0051,declining,2023,1,113325.0,-11.740654205607477,18,-5.263157894736842,48.3,0.6451101698654312,0.3548898301345687,0.3468769316691632,0.31475843812045,5.333333333333333,2.0,0.48632359222739546,-0.04964493410093807,0.08977976596311567,0.8353502690203801,0.3333333333333333,53.666666666666664,2.0,0.0,7.0,2.0,1,Additional Review or Follow-up,SEVERE_EMPLOYMENT_SHORTFALL|EMPLOYMENT_BELOW_BASELINE|LABOR_CONTRACTION
SETUP-0052,volatile,2022,2,498490.0,16.85185185185185,14,7.6923076923076925,36.45,0.6542024514032377,0.3457975485967622,0.27376248714480833,0.2944993881522197,0.0,1.0,0.5,0.15542271562766866,0.0,1.3782533496963076,0.2857142857142857,52.07142857142857,5.0,1.0,8.0,0.0,0,Routine Monitoring,SALES_CONTRACTION
SETUP-0052,volatile,2022,3,447780.0,-10.172721619290256,13,0.0,36.2,0.6434847693063558,0.3565152306936442,0.2240538189109092,0.30500468980302825,0.0,1.0,0.6666666666666666,0.023141302526823372,0.13512286735571055,1.2380474732231592,0.23076923076923078,55.69230769230769,2.0,0.0,0.0,1.0,1,Additional Review or Follow-up,SEVERE_SALES_CONTRACTION|SALES_CONTRACTION|EMPLOYMENT_BELOW_BASELINE|SUSTAINED_DECLINE|LABOR_CONTRACTION
SETUP-0052,volatile,2022,4,319950.0,-28.54750100495779,11,-15.384615384615385,28.3,0.9417208001250196,0.058279199874980446,0.4476864645181602,0.39737458977965306,0.0,2.0,0.5,-0.08758403137959145,0.1864600442330808,0.8846158583629232,0.18181818181818182,51.45454545454545,1.0,1.0,1.0,2.0,1,Additional Review or Follow-up,SEVERE_SALES_CONTRACTION|SEVERE_EMPLOYMENT_SHORTFALL|SALES_CONTRACTION|EMPLOYMENT_BELOW_BASELINE|SUSTAINED_DECLINE
SETUP-0052,volatile,2023,1,229650.0,-28.223159868729493,10,-23.076923076923077,25.9,0.9103859786631832,0.08961402133681684,0.4141136079977753,0.3243196168081864,0.0,3.0,0.39999999999999997,-0.24984791459150862,0.08586527144579605,0.6349493104330218,0.2,51.8,1.0,1.0,12.0,3.0,0,Routine Monitoring,EMPLOYMENT_BELOW_BASELINE
SETUP-0052,volatile,2023,2,335790.0,46.21815806662312,12,-7.6923076923076925,32.5,0.4922874117752167,0.5077125882247834,0.2734770154524489,0.3280919622383037,1.0,3.0,0.5,-0.12789666734174937,0.351686710163918,0.9284111863718894,0.4166666666666667,54.166666666666664,5.0,1.0,0.0,0.0,0,Routine Monitoring,
SETUP-0052,volatile,2023,3,362640.0,7.996068971678729,13,0.0,32.35,0.5921788550628724,0.4078211449371277,0.3122199097415414,0.3096735054048092,1.0,4.0,0.4285714285714286,0.07506550323309535,0.30394207139095103,1.0026475851749663,0.6153846153846154,49.76923076923077,2.0,0.0,0.0,1.0,1,Additional Review or Follow-up,SALES_CONTRACTION|EMPLOYMENT_BELOW_BASELINE
SETUP-0053,volatile,2022,2,506520.0,6.061938563980149,7,0.0,18.75,0.6688306680881307,0.33116933191186926,0.36507952110318526,0.3488312406222854,0.0,2.0,0.0,0.05883608206566473,0.0,1.1036682118682573,0.14285714285714285,53.57142857142857,3.0,1.0,4.0,2.0,0,Routine Monitoring,
SETUP-0053,volatile,2022,3,560340.0,10.62544420753376,7,0.0,18.1,0.6532638933504658,0.3467361066495343,0.31702263317166957,0.37027519006317594,13.0,2.0,0.33333333333333337,0.08038888133486141,0.022817528217768054,1.2209378619566045,0.2857142857142857,51.714285714285715,4.0,2.0,0.0,2.0,1,Additional Review or Follow-up,SEVERE_SALES_CONTRACTION|SALES_CONTRACTION|EMPLOYMENT_BELOW_BASELINE
SETUP-0053,volatile,2022,4,412155.0,-26.445550915515582,6,-14.285714285714285,16.45,0.8559482233625698,0.14405177663743018,0.44765537964462837,0.3828171440356177,13.0,3.0,0.25,-0.029117058548440267,0.16505289170550483,0.8980541180260633,0.16666666666666666,54.833333333333336,1.0,0.0,13.0,3.0,1,Additional Review or Follow-up,EMPLOYMENT_BELOW_BASELINE|SUSTAINED_DECLINE
SETUP-0053,volatile,2023,1,391120.0,-5.10366245708532,6,-14.285714285714285,14.15,0.694496701779505,0.30550329822049505,0.3344152032413024,0.33438586623031297,13.0,4.0,0.19999999999999998,-0.10574316827394814,0.15191882623633038,0.8522204671600584,0.16666666666666666,47.166666666666664,2.0,2.0,5.0,2.0,0,Routine Monitoring,EMPLOYMENT_BELOW_BASELINE
SETUP-0053,volatile,2023,2,449760.0,14.992841071793823,6,-14.285714285714285,16.45,0.5784149768765563,0.42158502312344365,0.2948636298917939,0.27690323728210603,9.0,4.0,0.3333333333333333,-0.07781622664920383,0.16919699194700172,0.9799925273826648,0.5,54.833333333333336,3.0,0.0,0.0,2.0,1,Additional Review or Follow-up,SALES_CONTRACTION|EMPLOYMENT_BELOW_BASELINE
SETUP-0054,growing,2022,2,546720.0,7.6750369276218615,21,10.526315789473683,64.05,0.652200614574188,0.347799385425812,0.36151797711491607,0.23520266315481417,0.0,1.0,0.5,0.07391390935730746,0.0,1.4953814588946108,0.6190476190476191,61.0,4.0,1.0,0.0,2.0,1,Additional Review or Follow-up,SEVERE_SALES_CONTRACTION|SALES_CONTRACTION|EMPLOYMENT_BELOW_BASELINE
SETUP-0054,growing,2022,3,373350.0,-31.710930640913084,18,-5.263157894736842,55.9,0.6266069907593411,0.3733930092406589,0.333662130361952,0.3044060533011919,0.0,2.0,0.3333333333333333,-0.14119426818506534,0.1969298378426747,1.0211820816474666,0.3888888888888889,62.111111111111114,2.0,2.0,0.0,3.0,0,Routine Monitoring,SUSTAINED_DECLINE
SETUP-0054,growing,2022,4,355440.0,-4.7971072719967855,20,5.263157894736842,60.2,0.6247743360342112,0.3752256639657889,0.31863978436688756,0.2517161827593968,0.0,2.0,0.5,-0.14138151475387772,0.16435607383493087,0.9721948817484278,0.35,60.2,6.0,0.0,1.0,0.0,0,Routine Monitoring,SUSTAINED_DECLINE
SETUP-0054,growing,2023,1,330810.0,-6.929439567859555,21,10.526315789473683,63.05,0.5848803845107463,0.41511961548925363,0.33786610467785805,0.23354795804238082,0.0,2.0,0.6000000000000001,-0.16575526669654864,0.1221575953502067,0.9048272249358468,0.2857142857142857,60.04761904761905,5.0,1.0,0.0,1.0,0,Routine Monitoring,
SETUP-0055,growing,2022,2,387000.0,24.137931034482758,22,10.0,67.2,0.5305690697674419,0.4694309302325581,0.24301911121416458,0.24034883720930234,0.0,1.0,0.5,0.2153846153846154,0.0,0.7703690887074134,0.5,61.09090909090909,6.0,0.0,0.0,0.0,0,Routine Monitoring,
SETUP-0055,growing,2022,3,431900.0,11.602067183462532,21,5.0,65.6,0.6837947441537393,0.3162052558462607,0.35734090856376555,0.32477425329937487,0.0,2.0,0.3333333333333333,0.1593994604873303,0.06267931925510115,0.8597478279398756,0.3333333333333333,62.476190476190474,5.0,1.0,0.0,1.0,0,Routine Monitoring,
SETUP-0056,growing,2022,2,142560.0,16.470588235294116,12,-7.6923076923076925,38.1,0.6644093714927048,0.3355906285072952,0.39635085970806033,0.2563131313131313,3.5,0.0,1.0,0.15217391304347827,0.0,1.3192335009057237,0.5,63.5,3.0,0.0,3.0,1.0,1,Additional Review or Follow-up,SEVERE_SALES_CONTRACTION|SALES_CONTRACTION|EMPLOYMENT_BELOW_BASELINE
SETUP-0056,growing,2022,3,105150.0,-26.241582491582495,11,-15.384615384615385,34.35,0.6868930099857347,0.3131069900142653,0.40834108668804375,0.29814550641940085,5.666666666666667,0.0,1.0,-0.06991164788846559,0.21356085363438304,0.9730457535089566,0.18181818181818182,62.45454545454545,2.0,1.0,0.0,2.0,1,Additional Review or Follow-up,SALES_CONTRACTION|SUSTAINED_DECLINE
SETUP-0057,recovering,2022,2,200040.0,-19.14635625075785,16,-11.11111111111111,46.3,0.8005380423915217,0.1994619576084783,0.3947836022850808,0.33630773845230955,0.0,2.0,0.0,-0.21173315454240696,0.0,0.66862486670495,0.1875,57.875,2.0,1.0,10.0,4.0,0,Routine Monitoring,SUSTAINED_DECLINE
SETUP-0057,recovering,2022,3,194040.0,-2.9994001199760048,18,0.0,48.75,0.6804027520098949,0.3195972479901051,0.30470746716444985,0.3127190270047413,0.0,3.0,0.0,-0.12479539821353412,0.08073478065390924,0.6485701316508123,0.4444444444444444,54.166666666666664,1.0,1.0,0.0,2.0,1,Additional Review or Follow-up,EMPLOYMENT_BELOW_BASELINE|SUSTAINED_DECLINE
SETUP-0057,recovering,2022,4,193200.0,-0.4329004329004329,16,-11.11111111111111,44.5,0.5967774327122153,0.4032225672877847,0.34169911897406186,0.2671583850931677,14.0,3.0,0.25,-0.08081083995255724,0.08283212886985165,0.6457624687432331,0.4375,55.625,3.0,1.0,1.0,0.0,0,Routine Monitoring,SUSTAINED_DECLINE
SETUP-0057,recovering,2023,1,180360.0,-6.645962732919254,20,11.11111111111111,52.05,0.665952761144378,0.33404723885562204,0.33075330834982636,0.29768241295187403,8.0,3.0,0.4,-0.031202125996560887,0.02549215188113778,0.6028453357273784,0.3,52.05,6.0,0.0,0.0,1.0,0,Routine Monitoring,
SETUP-0058,volatile,2022,2,233460.0,63.76262626262626,13,8.333333333333332,35.8,0.43751049430309263,0.5624895056969074,0.2680688106268577,0.24518118735543562,0.0,0.0,1.0,0.48348492101483964,0.0,1.482256304438404,0.5384615384615384,55.07692307692308,6.0,0.0,0.0,0.0,0,Routine Monitoring,
SETUP-0058,volatile,2022,3,238980.0,2.3644307375995886,15,25.0,44.55,0.540724704996234,0.459275295003766,0.2913530696963583,0.20834379445978743,1.3333333333333333,0.0,1.0,0.23517073170731706,0.3069909776251334,1.5173032281105534,0.5333333333333333,59.4,6.0,0.0,0.0,0.0,1,Additional Review or Follow-up,SEVERE_SALES_CONTRACTION|SALES_CONTRACTION
SETUP-0058,volatile,2022,4,159480.0,-33.26638212402712,14,16.666666666666664,38.6,0.458260973162779,0.541739026837221,0.21826771748354556,0.25313518936543766,1.0,0.0,1.0,0.029067245119305855,0.40074821282483486,1.0125513382670979,0.5714285714285714,55.142857142857146,5.0,1.0,0.0,0.0,0,Routine Monitoring,SUSTAINED_DECLINE
SETUP-0059,stable,2022,2,355900.0,11.298745973668574,15,-6.25,44.45,0.5200079516718179,0.4799920483281821,0.32788830092781235,0.31052261871312165,4.0,1.0,0.5,0.1069456983438661,0.0,1.0705912816388452,0.2,59.266666666666666,3.0,2.0,0.0,2.0,0,Routine Monitoring,
SETUP-0059,stable,2022,3,376640.0,5.8274796291093,17,6.25,50.4,0.6042959324553951,0.39570406754460485,0.3972666850672063,0.2646293542905692,8.0,1.0,0.6666666666666666,0.08106451520939648,0.02735633172279637,1.132979770487369,0.29411764705882354,59.294117647058826,3.0,1.0,0.0,2.0,0,Routine Monitoring,EMPLOYMENT_BELOW_BASELINE
SETUP-0059,stable,2022,4,352690.0,-6.358857264231096,15,-6.25,46.85,0.6071574754033287,0.3928425245966713,0.4089639796921962,0.2547988318353228,8.0,1.0,0.6759061060957436,0.03402135231316726,0.07380398321064771,1.0609352040494642,0.5333333333333333,62.46666666666667,5.0,1.0,0.0,1.0,0,Routine Monitoring,SUSTAINED_DECLINE
SETUP-0059,stable,2023,1,318240.0,-9.767784740140065,17,6.25,50.4,0.6203841754650579,0.3796158245349422,0.4016459720167637,0.27694507290095527,7.75,1.0,0.7407248848765949,-0.039026128096788675,0.06694441011937319,0.9573053370855468,0.35294117647058826,59.294117647058826,3.0,0.0,0.0,2.0,0,Routine Monitoring,
SETUP-0060,declining,2022,2,275490.0,11.783323189287888,7,-12.5,14.2,0.8147676866673926,0.18523231333260734,0.34849941203424123,0.3315909833387782,0.0,2.0,0.0,0.1112771582940568,0.0,1.028007140113914,0.2857142857142857,40.57142857142857,3.0,0.0,0.0,2.0,0,Routine Monitoring,
SETUP-0060,declining,2022,3,325450.0,18.134959526661586,8,0.0,21.05,0.6707734828698724,0.32922651713012757,0.3730109719402686,0.32270702104778,0.0,2.0,0.3333333333333333,0.1398411593245141,0.03175818168686848,1.2144358189047635,0.125,52.625,4.0,1.0,2.0,1.0,1,Additional Review or Follow-up,SALES_CONTRACTION|EMPLOYMENT_BELOW_BASELINE|LABOR_CONTRACTION
SETUP-0060,declining,2022,4,279500.0,-14.118912275311107,7,-12.5,17.35,0.7539123076923077,0.24608769230769234,0.40655644409752556,0.3076923076923077,0.0,3.0,0.25,0.0529279698994578,0.13950632532230153,1.0429706909936438,0.0,49.57142857142857,2.0,0.0,25.0,2.0,1,Additional Review or Follow-up,SEVERE_EMPLOYMENT_SHORTFALL|SALES_CONTRACTION|EMPLOYMENT_BELOW_BASELINE|SUSTAINED_DECLINE
SETUP-0060,declining,2023,1,237575.0,-15.0,6,-25.0,16.75,0.7364732821214354,0.26352671787856463,0.4137565666428375,0.34035567715458276,0.0,4.0,0.2,-0.05713519049386636,0.15416492267951185,0.8865250873445973,0.16666666666666666,55.833333333333336,1.0,0.0,13.0,4.0,1,Additional Review or Follow-up,SEVERE_EMPLOYMENT_SHORTFALL|EMPLOYMENT_BELOW_BASELINE|SUSTAINED_DECLINE|LABOR_CONTRACTION
SETUP-0060,declining,2023,2,229430.0,-3.4283910344101867,5,-37.5,12.5,0.859860523907074,0.14013947609292599,0.41507934496430926,0.2741359020180447,0.0,5.0,0.16666666666666666,-0.12313390021036331,0.0525954892482098,0.856131540732278,0.2,50.0,1.0,2.0,5.0,4.0,1,Additional Review or Follow-up,SEVERE_EMPLOYMENT_SHORTFALL|SALES_CONTRACTION|EMPLOYMENT_BELOW_BASELINE|SUSTAINED_DECLINE
SETUP-0060,declining,2023,3,198070.0,-13.668657106742799,5,-37.5,13.6,0.8766534558489423,0.12334654415105771,0.4250097976402157,0.27015701519664764,15.5,5.0,0.2857142857142857,-0.1068988698621073,0.051697588293643015,0.7391098560469089,0.4,54.4,1.0,1.0,15.0,5.0,1,Additional Review or Follow-up,SEVERE_EMPLOYMENT_SHORTFALL|SALES_CONTRACTION|EMPLOYMENT_BELOW_BASELINE|SUSTAINED_DECLINE
SETUP-0061,volatile,2022,2,344115.0,1.9328179152226073,17,6.25,45.4,0.8700598346483007,0.12994016535169925,0.34711144906036273,0.32958458654810163,0.0,1.0,0.5,0.019143177767509408,0.0,0.9541724779989439,0.23529411764705882,53.411764705882355,1.0,0.0,7.0,3.0,1,Additional Review or Follow-up,SEVERE_SALES_CONTRACTION|SEVERE_EMPLOYMENT_SHORTFALL|SALES_CONTRACTION|EMPLOYMENT_BELOW_BASELINE|LABOR_CONTRACTION
SETUP-0061,volatile,2022,3,235260.0,-31.633320256309666,12,-25.0,32.2,0.853620377454731,0.146379622545269,0.44078969546923297,0.3736716823939471,0.0,2.0,0.33333333333333337,-0.16739461157187024,0.16783069085766136,0.6523360422359721,0.08333333333333333,53.666666666666664,1.0,0.0,1.0,5.0,0,Routine Monitoring,EMPLOYMENT_BELOW_BASELINE
SETUP-0061,volatile,2022,4,295110.0,25.43993879112471,13,-18.75,38.0,0.6492752871810511,0.35072471281894885,0.30260819989266613,0.22710175866626003,0.0,2.0,0.5,-0.07798032299981436,0.23420378737615616,0.8182899320932489,0.5384615384615384,58.46153846153846,4.0,0.0,0.0,0.0,0,Routine Monitoring,
SETUP-0061,volatile,2023,1,298125.0,1.021652942970418,16,0.0,43.5,0.6477724779874214,0.35222752201257856,0.31176140371153943,0.1859287211740042,1.3333333333333333,2.0,0.5999999999999999,-0.026648246219970834,0.23380801375638238,0.8266500152665102,0.6875,54.375,4.0,0.0,0.0,0.0,0,Routine Monitoring,
SETUP-0061,volatile,2023,2,449280.0,50.70188679245283,18,12.5,47.1,0.5408767361111111,0.45912326388888886,0.33555098226333524,0.23568821225071226,1.3333333333333333,3.0,0.4999999999999999,0.20193696073252332,0.20282845340399897,1.2457771701767302,0.7777777777777778,52.333333333333336,5.0,1.0,0.0,0.0,0,Routine Monitoring,
SETUP-0062,declining,2022,2,418950.0,1.019965277777778,14,0.0,34.65,0.7858027210884355,0.2141972789115645,0.4210797265774445,0.3008473564864542,10.5,0.0,1.0,0.010147900248299688,0.0,0.986035900556273,0.21428571428571427,49.5,1.0,0.0,20.0,3.0,1,Additional Review or Follow-up,SALES_CONTRACTION|EMPLOYMENT_BELOW_BASELINE
SETUP-0062,declining,2022,3,356290.0,-14.956438715837212,12,-14.285714285714285,29.85,0.8327786073142663,0.1672213926857337,0.4062442778856401,0.30382553537848384,10.5,1.0,0.6666666666666666,-0.07365373626004236,0.07988201996807495,0.8385600453734205,0.3333333333333333,49.75,1.0,2.0,6.0,3.0,1,Additional Review or Follow-up,SEVERE_SALES_CONTRACTION|SEVERE_EMPLOYMENT_SHORTFALL|SALES_CONTRACTION|EMPLOYMENT_BELOW_BASELINE|SUSTAINED_DECLINE|LABOR_CONTRACTION
SETUP-0062,declining,2022,4,149940.0,-57.91630413427264,8,-42.857142857142854,20.1,0.8397082166199814,0.16029178338001865,0.4871584600715535,0.35080698946245165,10.5,2.0,0.5,-0.25583998805881036,0.24887032262577302,0.3528970591464556,0.125,50.25,1.0,1.0,9.0,2.0,1,Additional Review or Follow-up,SEVERE_EMPLOYMENT_SHORTFALL|SALES_CONTRACTION|EMPLOYMENT_BELOW_BASELINE|SUSTAINED_DECLINE
SETUP-0062,declining,2023,1,121860.0,-18.72749099639856,9,-35.714285714285715,22.6,0.9245739373051043,0.07542606269489577,0.3689360423287486,0.35073034629903166,10.5,3.0,0.4,-0.41932304400977993,0.194237367592336,0.2868082941682478,0.0,50.22222222222222,1.0,2.0,6.0,5.0,1,Additional Review or Follow-up,SEVERE_EMPLOYMENT_SHORTFALL|EMPLOYMENT_BELOW_BASELINE
SETUP-0063,stable,2022,2,70470.0,9.205020920502092,9,0.0,27.55,0.6863123314885766,0.3136876685114234,0.3320977834329899,0.28508585213566057,0.0,2.0,0.0,0.088,0.0,0.9196534523414752,0.4444444444444444,61.22222222222222,3.0,1.0,0.0,1.0,0,Routine Monitoring,
SETUP-0063,stable,2022,3,71955.0,2.10727969348659,9,0.0,26.35,0.6526132999791535,0.34738670002084643,0.289709551715451,0.3418803418803419,0.0,3.0,0.0,0.053816046966731895,0.035488706135077513,0.9390331227931156,0.0,58.55555555555556,2.0,1.0,0.0,1.0,0,Routine Monitoring,
SETUP-0063,stable,2022,4,73850.0,2.633590438468487,9,0.0,27.1,0.6265844278943805,0.3734155721056195,0.283815534068704,0.2649966147596479,0.0,4.0,0.0,0.04194369758373248,0.032290114088467,0.963763409329047,0.2222222222222222,60.22222222222222,5.0,1.0,0.0,0.0,1,Additional Review or Follow-up,SALES_CONTRACTION|EMPLOYMENT_BELOW_BASELINE|LABOR_CONTRACTION
SETUP-0063,stable,2023,1,66000.0,-10.62965470548409,8,-11.11111111111111,22.65,0.7144556060606062,0.28554439393939385,0.3142309879083608,0.3059090909090909,0.0,4.0,0.12655980309965614,-0.016317420954742715,0.06132066650291433,0.8613186867395681,0.25,56.625,4.0,1.0,5.0,1.0,0,Routine Monitoring,
SETUP-0064,stable,2022,2,205650.0,32.335907335907336,20,11.11111111111111,57.4,0.6382855823000243,0.3617144176999757,0.2968666901360113,0.25988329686360323,9.0,0.0,1.0,0.2783547985043623,0.0,1.3854891219566274,0.3,57.4,4.0,0.0,0.0,1.0,1,Additional Review or Follow-up,SEVERE_SALES_CONTRACTION|SALES_CONTRACTION
SETUP-0064,stable,2022,3,120230.0,-41.53659129589108,18,0.0,53.2,0.764796140730267,0.235203859269733,0.35160156273789733,0.27455709889378693,10.666666666666666,0.0,1.0,-0.10961394614361702,0.36936249315899206,0.8100041679204731,0.4444444444444444,59.111111111111114,3.0,1.0,0.0,1.0,0,Routine Monitoring,SUSTAINED_DECLINE
SETUP-0064,stable,2022,4,117300.0,-2.4369957581302506,21,16.666666666666664,59.95,0.6137698209718669,0.386230179028133,0.29645073560459584,0.29092071611253195,12.75,0.0,1.0,-0.13346252798289285,0.3017555893785726,0.790264400707573,0.42857142857142855,57.095238095238095,5.0,1.0,0.0,0.0,0,Routine Monitoring,SUSTAINED_DECLINE
SETUP-0066,growing,2022,2,135600.0,57.85797438882422,13,30.0,40.15,0.5567635693215339,0.4432364306784661,0.2926309526427094,0.19646017699115045,2.5,0.0,1.0,0.4487584650112867,0.0,2.008114203054111,0.6923076923076923,61.76923076923077,5.0,1.0,0.0,0.0,0,Routine Monitoring,
SETUP-0066,growing,2022,3,129800.0,-4.277286135693215,12,20.0,37.35,0.40985755007704155,0.5901424499229584,0.24586579838799266,0.2627503852080123,1.6666666666666667,0.0,1.0,0.1874466268146883,0.31067630262258716,1.922221412657991,0.25,62.25,4.0,0.0,1.0,0.0,0,Routine Monitoring,
SETUP-0067,declining,2022,2,259650.0,4.928168757955992,15,-11.76470588235294,35.65,0.6704271134219142,0.3295728865780858,0.38511073298850385,0.2553629886385519,20.0,1.0,0.2095534469305099,0.04809654805217854,0.0,0.6455807375416188,0.4,47.53333333333333,1.0,1.0,8.0,2.0,0,Routine Monitoring,EMPLOYMENT_BELOW_BASELINE
SETUP-0067,declining,2022,3,290740.0,11.973810899287503,15,-11.76470588235294,40.15,0.790838343537181,0.20916165646281903,0.3699820996402618,0.350244204443833,20.0,2.0,0.13970229795367325,0.08137858857296844,0.035228210706657555,0.7228813542570778,0.3333333333333333,53.53333333333333,3.0,1.0,19.0,2.0,1,Additional Review or Follow-up,SEVERE_SALES_CONTRACTION|SALES_CONTRACTION|EMPLOYMENT_BELOW_BASELINE
SETUP-0067,declining,2022,4,174750.0,-39.89475132420719,14,-17.647058823529413,37.3,0.8677416881258943,0.13225831187410578,0.4642215341208323,0.3743061516452074,20.0,3.0,0.10477672346525495,-0.07691793603709664,0.229711969044527,0.43448963560715537,0.14285714285714285,53.285714285714285,2.0,1.0,10.0,3.0,1,Additional Review or Follow-up,SALES_CONTRACTION|EMPLOYMENT_BELOW_BASELINE|SUSTAINED_DECLINE
SETUP-0067,declining,2023,1,153510.0,-12.15450643776824,14,-17.647058823529413,35.1,0.7547481597290079,0.24525184027099212,0.28848661318494456,0.3038564262914468,20.0,4.0,0.08382137877220396,-0.1977624765264895,0.21192358767069816,0.3816795648758479,0.14285714285714285,50.142857142857146,1.0,1.0,0.0,3.0,1,Additional Review or Follow-up,SEVERE_SALES_CONTRACTION|SEVERE_EMPLOYMENT_SHORTFALL|SALES_CONTRACTION|EMPLOYMENT_BELOW_BASELINE|SUSTAINED_DECLINE
SETUP-0068,declining,2022,2,200025.0,-9.97974797479748,8,-20.0,18.0,0.9093187351581052,0.0906812648418947,0.38274422595896074,0.39455068116485437,0.0,2.0,0.0,-0.1050387826395879,0.0,0.9036206422327013,0.125,45.0,2.0,1.0,13.0,4.0,1,Additional Review or Follow-up,SEVERE_EMPLOYMENT_SHORTFALL|EMPLOYMENT_BELOW_BASELINE
SETUP-0068,declining,2022,3,210540.0,5.2568428946381704,8,-20.0,21.0,0.6940853519521231,0.305914648047877,0.3296197231106269,0.3008216965897217,0.0,3.0,0.0,-0.027640593269223173,0.07618295434717826,0.9511225597583949,0.0,52.5,2.0,0.0,2.0,3.0,1,Additional Review or Follow-up,SEVERE_EMPLOYMENT_SHORTFALL|EMPLOYMENT_BELOW_BASELINE
SETUP-0068,declining,2022,4,196290.0,-6.76831005984611,8,-20.0,19.0,0.8540066737989709,0.1459933262010291,0.4431320401947183,0.4115594273778593,0.0,4.0,0.0,-0.03242969404924884,0.06558042885418544,0.8867476358648017,0.125,47.5,2.0,2.0,16.0,4.0,1,Additional Review or Follow-up,SEVERE_EMPLOYMENT_SHORTFALL|EMPLOYMENT_BELOW_BASELINE|SUSTAINED_DECLINE|LABOR_CONTRACTION
SETUP-0068,declining,2023,1,177165.0,-9.743237047226042,6,-40.0,15.75,0.8146443146219625,0.18535568537803748,0.42345901091178983,0.38258120960686365,0.0,5.0,0.0,-0.042259126042702995,0.06484656183992252,0.8003497116918211,0.16666666666666666,52.5,1.0,2.0,27.0,3.0,1,Additional Review or Follow-up,SEVERE_EMPLOYMENT_SHORTFALL|EMPLOYMENT_BELOW_BASELINE
SETUP-0069,declining,2022,2,137400.0,-4.174076786274715,5,-16.666666666666664,10.9,0.8966477438136827,0.10335225618631726,0.36060232436196926,0.39250363901018925,20.0,1.0,0.5,-0.04263048239756397,0.0,0.9638554893008183,0.0,43.6,2.0,2.0,23.0,3.0,0,Routine Monitoring,EMPLOYMENT_BELOW_BASELINE
SETUP-0069,declining,2022,3,154530.0,12.467248908296943,5,-16.666666666666664,12.3,0.7225958066394874,0.27740419336051253,0.4060575090721856,0.23788261179059084,13.0,1.0,0.6666666666666667,0.038403225250680545,0.08320662847285829,1.0840217522682347,0.2,49.2,3.0,1.0,7.0,0.0,1,Additional Review or Follow-up,SEVERE_SALES_CONTRACTION|SALES_CONTRACTION|EMPLOYMENT_BELOW_BASELINE
SETUP-0069,declining,2022,4,115080.0,-25.52902349058435,5,-16.666666666666664,14.9,0.774218196037539,0.22578180396246092,0.4570197233286003,0.39720194647201945,13.0,2.0,0.5,-0.049262802169351104,0.15551649379573518,0.807281584488633,0.4,59.6,2.0,1.0,7.0,3.0,1,Additional Review or Follow-up,SEVERE_SALES_CONTRACTION|SEVERE_EMPLOYMENT_SHORTFALL|SALES_CONTRACTION|EMPLOYMENT_BELOW_BASELINE|SUSTAINED_DECLINE|LABOR_CONTRACTION
SETUP-0069,declining,2023,1,83115.0,-27.77632950990615,4,-33.33333333333333,9.6,0.8164147265836491,0.18358527341635086,0.4237330323443759,0.3140828971906395,13.0,3.0,0.39999999999999997,-0.16510482019892883,0.1846411746681935,0.5830483915082788,0.25,48.0,2.0,2.0,23.0,3.0,1,Additional Review or Follow-up,SEVERE_EMPLOYMENT_SHORTFALL|EMPLOYMENT_BELOW_BASELINE
SETUP-0069,declining,2023,2,97320.0,17.09077783793539,4,-33.33333333333333,10.1,0.8271922523633375,0.17280774763666248,0.4838919609179111,0.31792026304973287,13.0,4.0,0.33333333333333337,-0.1809552378095524,0.20641261727664997,0.6826958967886145,0.0,50.5,1.0,2.0,14.0,2.0,1,Additional Review or Follow-up,SEVERE_EMPLOYMENT_SHORTFALL|EMPLOYMENT_BELOW_BASELINE
SETUP-0069,declining,2023,3,108745.0,11.739621866009042,4,-33.33333333333333,10.35,0.789299186169479,0.21070081383052097,0.4228253592993038,0.3281989976550646,13.0,5.0,0.2857142857142857,-0.004749418690941473,0.2000889414774871,0.7628418135663573,0.5,51.75,1.0,2.0,26.0,4.0,1,Additional Review or Follow-up,SEVERE_EMPLOYMENT_SHORTFALL|SALES_CONTRACTION|EMPLOYMENT_BELOW_BASELINE
SETUP-0070,growing,2022,2,267300.0,-32.349665924276174,19,5.555555555555555,57.75,0.6635823419378974,0.3364176580621025,0.3979667210071106,0.22856341189674523,0.0,1.0,0.3173161205227812,-0.38591829956824975,0.0,0.7053195036001969,0.3684210526315789,60.78947368421053,1.0,1.0,13.0,2.0,0,Routine Monitoring,
SETUP-0070,growing,2022,3,371705.0,39.059109614665175,22,22.22222222222222,68.85,0.4262018805235335,0.5737981194764665,0.23640005133145864,0.14136210166664426,0.0,1.0,0.5448774136818542,-0.03396349570893267,0.3570438776947067,0.9808110216450101,0.6363636363636364,62.59090909090909,4.0,0.0,0.0,0.0,0,Routine Monitoring,
SETUP-0070,growing,2022,4,355500.0,-4.359640037126216,23,27.77777777777778,70.95,0.42474939521800276,0.5752506047819973,0.2810130252364909,0.2807594936708861,0.6666666666666666,1.0,0.6586580602613906,-0.004160834757578483,0.29378455058198244,0.9380511916568276,0.5652173913043478,61.69565217391305,5.0,0.0,0.0,0.0,0,Routine Monitoring,
SETUP-0071,stable,2022,2,299640.0,-31.0792161192382,17,-15.0,51.45,0.7306650313709784,0.26933496862902156,0.3975329464296195,0.35107128554265116,0.0,2.0,0.0,-0.36797385620915035,0.0,0.7132127226924252,0.17647058823529413,60.529411764705884,2.0,0.0,5.0,2.0,0,Routine Monitoring,
SETUP-0071,stable,2022,3,308295.0,2.8884661593912697,21,5.0,61.1,0.5931635284386708,0.40683647156132924,0.298146901052582,0.27569373489677096,0.0,3.0,0.0,-0.18192999870527815,0.16983841139314734,0.733813630831869,0.42857142857142855,58.19047619047619,4.0,1.0,0.0,0.0,0,Routine Monitoring,
SETUP-0071,stable,2022,4,289980.0,-5.940738578309736,20,0.0,59.65,0.6515883509207532,0.3484116490792469,0.3852214256874089,0.3127801917373612,2.0,3.0,0.25,-0.12776858573920874,0.14390202487795975,0.6902196813721447,0.5,59.65,5.0,0.0,0.0,2.0,0,Routine Monitoring,SUSTAINED_DECLINE
SETUP-0071,stable,2023,1,279340.0,-3.66921856679771,23,15.0,67.8,0.581558351829312,0.418441648170688,0.3049260980947601,0.2334610152502327,1.0,3.0,0.4,-0.026915154320856567,0.037434073668997474,0.664894012671546,0.5652173913043478,58.95652173913044,4.0,1.0,0.0,0.0,0,Routine Monitoring,
SETUP-0071,stable,2023,2,292035.0,4.5446409393570555,22,10.0,66.5,0.6764267296728131,0.3235732703271868,0.2951062436481309,0.34964987073467224,1.0,4.0,0.3333333333333333,-0.020320608729106997,0.0450395474097863,0.6951110581747509,0.4090909090909091,60.45454545454545,5.0,0.0,2.0,0.0,0,Routine Monitoring,
SETUP-0071,stable,2023,3,315465.0,8.023010940469465,20,0.0,58.85,0.6498733615456548,0.3501266384543452,0.26648401095934243,0.3552216569191511,2.0,4.0,0.4285714285714286,0.030302000305909144,0.04902094526289496,0.7508798944205243,0.5,58.85,4.0,0.0,0.0,2.0,0,Routine Monitoring,
SETUP-0072,declining,2022,2,133695.0,-1.0546181172291296,14,-17.647058823529413,35.05,0.8036705935150904,0.19632940648490965,0.4954557020529427,0.4009125247765436,0.0,2.0,0.0,-0.010602086937112884,0.0,0.9171180972620566,0.14285714285714285,50.07142857142857,2.0,1.0,16.0,3.0,1,Additional Review or Follow-up,SEVERE_EMPLOYMENT_SHORTFALL|SALES_CONTRACTION|EMPLOYMENT_BELOW_BASELINE|SUSTAINED_DECLINE
SETUP-0072,declining,2022,3,120255.0,-10.052731964546169,13,-23.52941176470588,32.4,0.7599027899047857,0.24009721009521434,0.3573340558671714,0.2518814186520311,0.0,3.0,0.0,-0.05730973860744853,0.0449905692365852,0.8249226731459562,0.15384615384615385,49.84615384615385,1.0,2.0,10.0,2.0,0,Routine Monitoring,EMPLOYMENT_BELOW_BASELINE
SETUP-0072,declining,2022,4,122910.0,2.2078084071348383,14,-17.647058823529413,34.95,0.6814439834024896,0.31855601659751037,0.4296307094823218,0.36957936701651617,0.0,3.0,0.25,-0.03911871557482714,0.05184703247071803,0.8431353852760342,0.14285714285714285,49.92857142857143,1.0,0.0,10.0,3.0,1,Additional Review or Follow-up,SEVERE_EMPLOYMENT_SHORTFALL|SALES_CONTRACTION|EMPLOYMENT_BELOW_BASELINE
SETUP-0072,declining,2023,1,101940.0,-17.0612643397608,12,-29.411764705882355,31.05,0.8653546203649205,0.13464537963507947,0.5375733512442719,0.36639199529134786,0.0,4.0,0.19999999999999998,-0.07736842105263157,0.07963371290443987,0.6992858284520292,0.16666666666666666,51.75,1.0,3.0,15.0,5.0,1,Additional Review or Follow-up,SEVERE_EMPLOYMENT_SHORTFALL|EMPLOYMENT_BELOW_BASELINE|SUSTAINED_DECLINE|LABOR_CONTRACTION
SETUP-0072,declining,2023,2,99825.0,-2.0747498528546204,9,-47.05882352941176,20.05,0.861270523415978,0.13872947658402202,0.40868794934605834,0.3120961682945154,0.0,5.0,0.16666666666666666,-0.07395320612231138,0.08261242079343283,0.6847773967551876,0.0,44.55555555555556,1.0,1.0,13.0,4.0,1,Additional Review or Follow-up,SEVERE_EMPLOYMENT_SHORTFALL|EMPLOYMENT_BELOW_BASELINE|SUSTAINED_DECLINE
SETUP-0073,stable,2022,2,258800.0,32.20945083014048,10,11.11111111111111,27.3,0.6215020092735704,0.37849799072642965,0.24159220147232685,0.25328438948995363,3.0,1.0,0.5,0.2774172258277417,0.0,1.0645385986147342,0.4,54.6,5.0,0.0,2.0,0.0,0,Routine Monitoring,
SETUP-0073,stable,2022,3,235230.0,-9.10741885625966,9,0.0,27.3,0.6309239892870807,0.3690760107129193,0.3413454751882004,0.33159035837265655,8.0,1.0,0.6666666666666666,0.08585346052364522,0.20658434843200071,0.9675866095523336,0.4444444444444444,60.666666666666664,4.0,2.0,0.0,1.0,1,Additional Review or Follow-up,SALES_CONTRACTION|SUSTAINED_DECLINE
SETUP-0073,stable,2022,4,199740.0,-15.087361305955874,9,0.0,26.0,0.7265279363172124,0.2734720636827876,0.34374895127500493,0.3543106037849204,5.333333333333333,1.0,0.75,-0.00521629642953503,0.21028636217791316,0.8216033218211245,0.2222222222222222,57.77777777777778,1.0,0.0,0.0,1.0,1,Additional Review or Follow-up,EMPLOYMENT_BELOW_BASELINE|SUSTAINED_DECLINE
SETUP-0073,stable,2023,1,194195.0,-2.7761089416241114,8,-11.11111111111111,23.55,0.6317549885424445,0.3682450114575555,0.35381109432177027,0.2908931743865702,5.333333333333333,2.0,0.6000000000000001,-0.10329461183717827,0.05026730014135604,0.7987947185393676,0.5,58.875,3.0,0.0,0.0,1.0,0,Routine Monitoring,
SETUP-0073,stable,2023,2,219825.0,13.198074100774996,9,0.0,27.7,0.5988937563971339,0.401106243602866,0.2798881929623154,0.3404981235073354,4.75,2.0,0.6666666666666667,-0.024386624106291003,0.11579710775502891,0.9042202374052702,0.8888888888888888,61.55555555555556,4.0,2.0,0.0,0.0,0,Routine Monitoring,
SETUP-0074,stable,2022,2,531720.0,52.79310344827586,12,9.090909090909092,35.05,0.7174746106973595,0.28252538930264054,0.374197631637167,0.3074080343037689,6.0,1.0,0.5,0.41767835220297367,0.0,1.5267156503729855,0.3333333333333333,58.416666666666664,3.0,1.0,0.0,1.0,0,Routine Monitoring,
SETUP-0074,stable,2022,3,570870.0,7.3628977657413675,12,9.090909090909092,34.55,0.6295443796310893,0.3704556203689106,0.3107902322837713,0.27223360835216426,5.5,1.0,0.6666666666666666,0.230461398465452,0.22715102841267246,1.6391261628835219,0.6666666666666666,57.583333333333336,4.0,0.0,0.0,0.0,0,Routine Monitoring,
SETUP-0074,stable,2022,4,524345.0,-8.14984147003696,11,0.0,30.45,0.7086045828605213,0.29139541713947875,0.36461942590358576,0.3191982378014475,5.5,2.0,0.5,0.11507923045568588,0.2585985993403495,1.505539979114615,0.5454545454545454,55.36363636363637,3.0,1.0,0.0,2.0,1,Additional Review or Follow-up,SALES_CONTRACTION|SUSTAINED_DECLINE
SETUP-0075,stable,2022,2,356100.0,8.461257309941521,14,0.0,42.6,0.691156950294861,0.30884304970513904,0.39294405568578283,0.32966863240662736,22.0,1.0,0.5,0.08117822389760673,0.0,0.9975186129241772,0.2857142857142857,60.857142857142854,2.0,0.0,5.0,2.0,1,Additional Review or Follow-up,SEVERE_SALES_CONTRACTION|SALES_CONTRACTION|EMPLOYMENT_BELOW_BASELINE|LABOR_CONTRACTION
SETUP-0075,stable,2022,3,259440.0,-27.144060657118786,12,-14.285714285714285,35.9,0.831242869256861,0.16875713074313897,0.36952646938330264,0.24441103916127044,22.0,2.0,0.3333333333333333,-0.10946538681584134,0.17802658983530154,0.7267515555659886,0.0,59.833333333333336,2.0,1.0,24.0,2.0,1,Additional Review or Follow-up,SALES_CONTRACTION|SUSTAINED_DECLINE
SETUP-0075,stable,2022,4,221820.0,-14.5004625346901,14,0.0,42.65,0.719696465602741,0.280303534397259,0.3771087589332879,0.33558741321792446,11.5,2.0,0.5,-0.14280420012353304,0.14737856844196623,0.6213692185308649,0.35714285714285715,60.92857142857143,3.0,2.0,5.0,2.0,0,Routine Monitoring,EMPLOYMENT_BELOW_BASELINE
SETUP-0076,growing,2022,2,536435.0,29.975528203140144,10,11.11111111111111,30.95,0.5684039072767437,0.43159609272325633,0.23507582111873354,0.2111252994304995,0.0,1.0,0.5,0.2606845035847675,0.0,1.2823173261058447,0.3,61.9,4.0,1.0,0.0,0.0,0,Routine Monitoring,
SETUP-0076,growing,2022,3,545640.0,1.7159581309944354,10,11.11111111111111,31.0,0.4992590902426509,0.5007409097573491,0.2511831089930086,0.23630049116633678,0.0,1.0,0.6666666666666666,0.13338283844941948,0.14129785036072856,1.3043213545283083,0.4,62.0,4.0,1.0,0.0,0.0,0,Routine Monitoring,
SETUP-0076,growing,2022,4,605100.0,10.897294919727294,11,22.22222222222222,35.95,0.5309553131713767,0.4690446868286234,0.20849900084368497,0.2613121798049909,0.0,1.0,0.75,0.111690346422083,0.11770392380446111,1.4464570992322399,0.2727272727272727,65.36363636363636,5.0,0.0,0.0,0.0,0,Routine Monitoring,
SETUP-0076,growing,2023,1,672600.0,11.155180961824492,12,33.33333333333333,36.1,0.49414540588760036,0.5058545941123996,0.21685766311572136,0.27042818911685995,0.0,1.0,0.7999999999999999,0.07932196925554343,0.043901705622258674,1.6078120061867536,0.5,60.166666666666664,5.0,0.0,0.0,0.0,0,Routine Monitoring,
SETUP-0077,growing,2022,2,323190.0,33.043800428124484,10,0.0,30.2,0.6148903122002537,0.3851096877997463,0.31110134335448136,0.25003867693926174,17.5,0.0,1.0,0.2835844623836357,0.0,1.4912659269198947,0.6,60.4,6.0,0.0,0.0,0.0,0,Routine Monitoring,
SETUP-0077,growing,2022,3,347130.0,7.4074074074074066,11,10.0,34.6,0.6118302653184686,0.3881697346815314,0.3579555941521948,0.3171146256445712,17.5,1.0,0.6666666666666666,0.17116530156366344,0.1281819651035854,1.6017300696547017,0.8181818181818182,62.90909090909091,4.0,0.0,0.0,1.0,0,Routine Monitoring,
SETUP-0077,growing,2022,4,315180.0,-9.204044594244232,12,20.0,37.2,0.5626499777904689,0.4373500222095311,0.20826643115143784,0.2587569008185799,11.666666666666666,1.0,0.75,0.07838361472460559,0.17378292313975863,1.4543061197642637,0.5,62.0,2.0,1.0,1.0,0.0,0,Routine Monitoring,
SETUP-0077,growing,2023,1,440490.0,39.75823339044355,14,40.0,43.0,0.3540353469999319,0.645964653000068,0.2284218760450129,0.2442166678017662,8.75,1.0,0.8,0.08974817495213852,0.2033011161590857,2.032512541071643,0.6428571428571429,61.42857142857143,5.0,1.0,0.0,0.0,0,Routine Monitoring,
SETUP-0077,growing,2023,2,537375.0,21.99482394606007,14,40.0,46.15,0.510397115608281,0.48960288439171895,0.23439052788874218,0.25894394045126773,7.0,1.0,0.8333333333333334,0.16974895971466458,0.20238063090056166,2.479560096161943,0.6428571428571429,65.92857142857143,5.0,1.0,0.0,0.0,0,Routine Monitoring,
SETUP-0077,growing,2023,3,664800.0,23.712491277041174,13,30.0,41.1,0.5641998646209386,0.43580013537906137,0.2801598869276099,0.19450962695547533,5.833333333333333,1.0,0.8571428571428571,0.23408288194417842,0.079996870502577,3.0675255676733375,0.5384615384615384,63.23076923076923,5.0,1.0,0.0,0.0,0,Routine Monitoring,
SETUP-0078,volatile,2022,2,314300.0,10.536681437715412,15,-11.76470588235294,38.05,0.8596023862551703,0.1403976137448297,0.3755598032860645,0.3418230989500477,11.0,0.0,1.0,0.10009354536950421,0.0,1.0696524638566458,0.13333333333333333,50.733333333333334,2.0,1.0,0.0,3.0,0,Routine Monitoring,
SETUP-0078,volatile,2022,3,357900.0,13.87209672287623,17,0.0,43.1,0.5157965912265996,0.48420340877340046,0.30340009620614117,0.27644593461860856,7.333333333333333,0.0,1.0,0.11535325234700064,0.0166770764258041,1.2180356882414685,0.4117647058823529,50.705882352941174,4.0,2.0,0.0,0.0,0,Routine Monitoring,
SETUP-0078,volatile,2022,4,377000.0,5.336686225202571,18,5.88235294117647,49.7,0.44774384615384616,0.5522561538461539,0.3259621789007226,0.28047745358090187,5.5,0.0,1.0,0.09645904884742865,0.035121721309759706,1.283038431033902,0.6666666666666666,55.22222222222222,5.0,0.0,0.0,0.0,0,Routine Monitoring,
SETUP-0078,volatile,2023,1,363600.0,-3.5543766578249336,18,5.88235294117647,49.0,0.5431862761276127,0.4568137238723872,0.37315405529235496,0.23345709570957096,5.0,0.0,1.0,0.04728199320498301,0.07114821822099689,1.2374344125303098,0.3888888888888889,54.44444444444444,3.0,0.0,0.0,1.0,0,Routine Monitoring,
SETUP-0078,volatile,2023,2,512325.0,40.90346534653465,20,17.647058823529413,58.35,0.5271104279510076,0.4728895720489924,0.277516151065064,0.17611867466939932,4.166666666666667,0.0,1.0,0.11171294212592926,0.19208061073819363,1.7435879686457398,0.65,58.35,6.0,1.0,0.0,0.0,0,Routine Monitoring,
SETUP-0078,volatile,2023,3,693600.0,35.38281364368321,22,29.411764705882355,59.55,0.46656522491349484,0.5334347750865052,0.2521418088781286,0.2309616493656286,3.5714285714285716,0.0,1.0,0.2257407431191482,0.1978518553386362,2.3605184503053436,0.5909090909090909,54.13636363636363,5.0,1.0,0.0,0.0,1,Additional Review or Follow-up,SEVERE_SALES_CONTRACTION|SALES_CONTRACTION
SETUP-0079,stable,2022,2,328020.0,36.85747663551402,11,0.0,32.65,0.6178889701847449,0.3821110298152552,0.24035116647459043,0.24242424242424243,0.0,1.0,0.5,0.31122071516646116,0.0,1.0820832309114383,0.45454545454545453,59.36363636363637,4.0,1.0,0.0,0.0,0,Routine Monitoring,
SETUP-0079,stable,2022,3,329850.0,0.5578928114139381,11,0.0,31.0,0.5063509170835228,0.49364908291647724,0.2948025638868674,0.3479157192663332,7.0,1.0,0.6666666666666666,0.15069355467661968,0.1814979191205004,1.088120095470209,0.2727272727272727,56.36363636363637,3.0,0.0,0.0,0.0,0,Routine Monitoring,SALES_CONTRACTION
SETUP-0079,stable,2022,4,294150.0,-10.823101409731697,11,0.0,30.9,0.6132584055753867,0.3867415944246133,0.32594491400740927,0.31890192078871327,7.0,2.0,0.5,0.055463623395149785,0.20332306908501244,0.970351754077799,0.36363636363636365,56.18181818181818,4.0,0.0,1.0,0.0,0,Routine Monitoring,SUSTAINED_DECLINE
SETUP-0079,stable,2023,1,291530.0,-0.8907020227774944,11,0.0,32.55,0.6163803382156211,0.3836196617843789,0.2687152713934449,0.3946420608513704,4.666666666666667,2.0,0.6,-0.046695347995657596,0.05058304657111078,0.961708811376171,0.36363636363636365,59.18181818181818,4.0,0.0,0.0,2.0,0,Routine Monitoring,
SETUP-0080,volatile,2022,2,412110.0,105.952023988006,18,28.57142857142857,49.35,0.5878339035694353,0.4121660964305646,0.253823339417763,0.27808109485331584,7.5,0.0,1.0,0.6926054785122752,0.0,1.642647040945402,0.3888888888888889,54.833333333333336,5.0,0.0,0.0,0.0,0,Routine Monitoring,
SETUP-0080,volatile,2022,3,476040.0,15.512848511319794,19,35.714285714285715,54.25,0.5606276993529956,0.4393723006470044,0.21056945147992995,0.24110368876564994,5.0,0.0,1.0,0.3803445899379738,0.45219587738343103,1.8974683879829395,0.6842105263157895,57.10526315789474,5.0,1.0,0.0,0.0,0,Routine Monitoring,
SETUP-0080,volatile,2022,4,528450.0,11.009579026972522,19,35.714285714285715,50.6,0.4826008893935093,0.5173991106064907,0.27344159387404887,0.1954773393887785,3.75,0.0,1.0,0.2595360920393394,0.43733526107464316,2.1063716696697425,0.7368421052631579,53.26315789473684,6.0,0.0,0.0,0.0,0,Routine Monitoring,
SETUP-0080,volatile,2023,1,503280.0,-4.762986091399376,21,50.0,57.7,0.555942695914799,0.44405730408520105,0.27653211903407504,0.25871284374503256,3.0,0.0,1.0,0.06790424401525096,0.08693309785875313,2.006045480010196,0.47619047619047616,54.95238095238095,4.0,1.0,0.0,0.0,0,Routine Monitoring,
SETUP-0081,stable,2022,2,538200.0,14.431510125976718,14,7.6923076923076925,42.3,0.747822110739502,0.252177889260498,0.3867060414205144,0.3237829803047194,6.0,1.0,0.23023083611425124,0.1346025135718004,0.0,1.2305309686256445,0.35714285714285715,60.42857142857143,2.0,0.0,0.0,1.0,0,Routine Monitoring,
SETUP-0081,stable,2022,3,552620.0,2.679301374953549,14,7.6923076923076925,41.6,0.5281378343165286,0.4718621656834714,0.3100327750133771,0.2885889037675075,5.0,1.0,0.4868205574095008,0.07907177103984575,0.058761043755115844,1.2635006017872605,0.21428571428571427,59.42857142857143,3.0,1.0,4.0,2.0,0,Routine Monitoring,
SETUP-0081,stable,2022,4,530970.0,-3.9177011327856395,13,0.0,39.1,0.6961748121362789,0.3038251878637211,0.32017740988898785,0.3006007872384504,12.333333333333334,1.0,0.6151154180571257,0.037541913326944266,0.07588942295160139,1.2140004243982876,0.38461538461538464,60.15384615384615,3.0,0.0,11.0,0.0,0,Routine Monitoring,SUSTAINED_DECLINE
SETUP-0081,stable,2023,1,529800.0,-0.22035143228430984,13,0.0,40.0,0.6469696489241222,0.35303035107587777,0.33539431093976707,0.2904869762174405,11.25,1.0,0.647025175212442,-0.008709837840852578,0.02699770016901374,1.2113253570751885,0.3076923076923077,61.53846153846154,4.0,1.0,0.0,2.0,0,Routine Monitoring,SUSTAINED_DECLINE
SETUP-0082,stable,2022,2,212450.0,8.982250949009952,13,0.0,39.5,0.679788985643681,0.3202110143563191,0.41894875938202136,0.3038126618027771,0.0,2.0,0.0,0.08596185473379317,0.0,0.6488023740333929,0.23076923076923078,60.76923076923077,2.0,1.0,16.0,2.0,1,Additional Review or Follow-up,SEVERE_SALES_CONTRACTION|SALES_CONTRACTION|EMPLOYMENT_BELOW_BASELINE|LABOR_CONTRACTION
SETUP-0082,stable,2022,3,138060.0,-35.0152977171099,11,-15.384615384615385,31.15,0.9017057800956108,0.09829421990438929,0.4558881672751517,0.342640880776474,0.0,3.0,0.0,-0.15642130351086259,0.21998774333059928,0.4216222911699234,0.09090909090909091,56.63636363636363,1.0,2.0,10.0,3.0,1,Additional Review or Follow-up,SALES_CONTRACTION|SUSTAINED_DECLINE
SETUP-0083,stable,2022,2,192480.0,10.78304411637745,3,0.0,8.3,0.7762392975893598,0.22376070241064017,0.2653894430740964,0.31273379052369077,5.5,0.0,0.7937919134231192,0.10231415113659635,0.0,1.0239865170852613,0.3333333333333333,55.333333333333336,3.0,1.0,1.0,2.0,1,Additional Review or Follow-up,SEVERE_SALES_CONTRACTION|SALES_CONTRACTION
SETUP-0083,stable,2022,3,130120.0,-32.39817123857024,3,0.0,9.7,0.7599405164463572,0.24005948355364284,0.3835107509385291,0.35229019366738396,5.5,1.0,0.5291946089487461,-0.13183874119815853,0.21590607677473844,0.692233611820107,0.3333333333333333,64.66666666666667,1.0,0.0,10.0,3.0,0,Routine Monitoring,SUSTAINED_DECLINE
SETUP-0083,stable,2022,4,128100.0,-1.552413157085767,3,0.0,9.55,0.5142183450429352,0.4857816549570648,0.2367344113231591,0.2650663544106167,3.6666666666666665,1.0,0.6468959567115595,-0.12766216400163344,0.18160523907326728,0.6814872861524417,0.6666666666666666,63.666666666666664,5.0,0.0,0.0,0.0,0,Routine Monitoring,
SETUP-0084,growing,2022,2,534050.0,19.430187961937985,9,0.0,27.3,0.6180099803389195,0.3819900196610805,0.2968581591847955,0.2996255032300346,0.0,0.0,1.0,0.17709676268707675,0.0,1.2107694433577887,0.3333333333333333,60.666666666666664,4.0,0.0,0.0,0.0,0,Routine Monitoring,
SETUP-0084,growing,2022,3,564615.0,5.7232468869956,10,11.11111111111111,30.9,0.5831485879758773,0.4168514120241226,0.33127850910681717,0.20530804176297124,0.0,0.0,1.0,0.1139679007394086,0.06853470537471193,1.2800647678334571,0.6,61.8,5.0,0.0,0.0,0.0,0,Routine Monitoring,
SETUP-0084,growing,2022,4,570840.0,1.1025211870035334,11,22.22222222222222,33.45,0.6159562924812557,0.38404370751874434,0.21843350900305053,0.18341391633382384,0.0,0.0,1.0,0.07589090410881243,0.07782706677410901,1.2941777531061887,0.5454545454545454,60.81818181818182,4.0,0.0,0.0,0.0,0,Routine Monitoring,
SETUP-0084,growing,2023,1,567030.0,-0.6674374605844019,12,33.33333333333333,39.2,0.4070874733259264,0.5929125266740736,0.3184057622117255,0.23594871523552546,0.0,0.0,1.0,0.01880855877506947,0.026941233585372135,1.2855399259754083,0.5833333333333334,65.33333333333333,5.0,0.0,0.0,1.0,0,Routine Monitoring,
SETUP-0084,growing,2023,2,936720.0,65.19760859213798,13,44.44444444444444,40.95,0.49512735929626783,0.5048726407037322,0.33532887432979647,0.23132312750875395,0.0,0.0,1.0,0.16861213888273174,0.30640418612264486,2.1236812152085154,0.5384615384615384,63.0,6.0,0.0,0.0,0.0,0,Routine Monitoring,
SETUP-0085,declining,2022,2,184620.0,-26.35819704826486,14,-26.31578947368421,35.7,0.8023846820496154,0.19761531795038453,0.43093311522783145,0.37208861445130537,0.0,2.0,0.0,-0.3035927593494441,0.0,0.4479737468263825,0.07142857142857142,51.0,1.0,1.0,13.0,3.0,0,Routine Monitoring,EMPLOYMENT_BELOW_BASELINE
SETUP-0085,declining,2022,3,206360.0,11.775538944859711,17,-10.526315789473683,40.7,0.8009466950959488,0.1990533049040511,0.3117908542033511,0.3775440976933514,0.0,3.0,0.0,-0.10364979428998877,0.19066867996562287,0.5007250698466704,0.23529411764705882,47.88235294117647,2.0,1.0,1.0,2.0,1,Additional Review or Follow-up,SALES_CONTRACTION|EMPLOYMENT_BELOW_BASELINE
SETUP-0086,declining,2022,2,62600.0,-6.525309840226967,8,-11.11111111111111,20.6,0.8228718849840255,0.17712811501597445,0.4268738141062103,0.32571884984025556,0.0,2.0,0.0,-0.06745388593038512,0.0,0.7722074400829938,0.125,51.5,1.0,1.0,26.0,3.0,1,Additional Review or Follow-up,SEVERE_EMPLOYMENT_SHORTFALL|EMPLOYMENT_BELOW_BASELINE|LABOR_CONTRACTION
SETUP-0086,declining,2023,2,39675.0,-3.642987249544627,5,-44.44444444444444,13.95,0.9463730308758663,0.053626969124133624,0.42155118803324343,0.3390044108380592,28.0,4.0,0.2,-0.1777990889474946,0.17684280067847674,0.4894142202123447,0.0,55.8,2.0,2.0,12.0,4.0,1,Additional Review or Follow-up,SEVERE_SALES_CONTRACTION|SEVERE_EMPLOYMENT_SHORTFALL|SALES_CONTRACTION|EMPLOYMENT_BELOW_BASELINE|SUSTAINED_DECLINE|LABOR_CONTRACTION
SETUP-0086,declining,2023,3,21600.0,-45.55765595463138,4,-55.55555555555556,9.2,0.9607263888888888,0.03927361111111117,0.5064744124454442,0.4414351851851852,28.0,5.0,0.16666666666666669,-0.315129811996419,0.18044834721964276,0.2664485735749627,0.25,46.0,1.0,0.0,8.0,4.0,1,Additional Review or Follow-up,SEVERE_EMPLOYMENT_SHORTFALL|SALES_CONTRACTION|EMPLOYMENT_BELOW_BASELINE|SUSTAINED_DECLINE
SETUP-0087,growing,2022,2,339750.0,29.645882622300235,10,0.0,30.25,0.624832229580574,0.37516777041942595,0.3025066331271264,0.25065489330389995,0.0,2.0,0.0,0.25818780013625564,0.0,1.0360993322686693,0.6,60.5,3.0,0.0,0.0,0.0,1,Additional Review or Follow-up,SEVERE_SALES_CONTRACTION|SALES_CONTRACTION
SETUP-0087,growing,2022,3,244450.0,-28.050036791758647,10,0.0,32.9,0.704982327674371,0.295017672325629,0.26003637261897655,0.269646144405809,0.0,3.0,0.0,-0.031213811358211423,0.2884795970702944,0.745473088368142,0.2,65.8,3.0,0.0,0.0,1.0,0,Routine Monitoring,SUSTAINED_DECLINE
SETUP-0087,growing,2022,4,225780.0,-7.637553691961546,12,20.0,38.55,0.43763415714412257,0.5623658428558774,0.3410734483403543,0.2500221454513243,2.0,3.0,0.25,-0.07616879967165405,0.23887568144522123,0.6885371809849012,0.4166666666666667,64.25,5.0,2.0,0.0,0.0,1,Additional Review or Follow-up,SALES_CONTRACTION|SUSTAINED_DECLINE
SETUP-0087,growing,2023,1,188780.0,-16.387633979980514,12,20.0,36.9,0.6113879118550694,0.38861208814493065,0.30667225448134916,0.31502277783663524,2.0,4.0,0.2,-0.18886619408066002,0.08361585513462085,0.5757022279490196,0.25,61.5,3.0,2.0,0.0,1.0,0,Routine Monitoring,
SETUP-0087,growing,2023,2,232125.0,22.96058904544973,13,30.0,41.15,0.5546114808831448,0.4453885191168552,0.26983997646715036,0.2330640818524502,1.0,4.0,0.3333333333333333,-0.03320484550601199,0.16869080523203034,0.7078868506338922,0.5384615384615384,63.30769230769231,5.0,0.0,0.0,0.0,0,Routine Monitoring,
SETUP-0088,declining,2022,2,87840.0,12.31300345224396,11,0.0,27.6,0.6559039162112933,0.34409608378870676,0.37268244507468595,0.2612704918032787,0.0,2.0,0.0,0.11598915989159891,0.0,1.087504830723943,0.45454545454545453,50.18181818181818,3.0,2.0,0.0,1.0,0,Routine Monitoring,
SETUP-0088,declining,2022,3,86070.0,-2.0150273224043715,11,0.0,26.4,0.7229785058673174,0.2770214941326827,0.2698485346175825,0.33321714883234577,0.0,3.0,0.0,0.04676344597810567,0.07164015387324166,1.065591311252388,0.2727272727272727,48.0,3.0,0.0,0.0,1.0,1,Additional Review or Follow-up,SALES_CONTRACTION|EMPLOYMENT_BELOW_BASELINE|SUSTAINED_DECLINE
SETUP-0088,declining,2022,4,73240.0,-14.906471476705008,10,-9.090909090909092,26.25,0.8571043145821955,0.14289568541780448,0.3657869969758334,0.3726105953031131,0.0,4.0,0.0,-0.02050651585935579,0.11117461808996208,0.9067492463823039,0.1,52.5,1.0,0.0,11.0,3.0,1,Additional Review or Follow-up,EMPLOYMENT_BELOW_BASELINE|SUSTAINED_DECLINE
SETUP-0088,declining,2023,1,68220.0,-6.854178044784271,10,-9.090909090909092,26.7,0.7470351802990325,0.2529648197009675,0.38383434642642844,0.31801524479624743,0.0,5.0,0.0,-0.09092811618099375,0.05317122672305596,0.8445990386155212,0.4,53.4,1.0,2.0,3.0,3.0,0,Routine Monitoring,EMPLOYMENT_BELOW_BASELINE
SETUP-0089,recovering,2022,2,326430.0,7.834101382488479,11,-15.384615384615385,29.7,0.697892258677205,0.3021077413227951,0.39105051832650267,0.26167937995894985,15.5,0.0,1.0,0.07538802660753881,0.0,0.8155674112324343,0.18181818181818182,54.0,1.0,1.0,0.0,2.0,0,Routine Monitoring,EMPLOYMENT_BELOW_BASELINE
SETUP-0089,recovering,2022,3,346860.0,6.25861593603529,12,-7.6923076923076925,31.75,0.7344353629706509,0.265564637029349,0.3952064063749712,0.26716830998097213,15.5,1.0,0.6666666666666666,0.06784545161141592,0.007877427232265942,0.866610643200938,0.5,52.916666666666664,2.0,0.0,5.0,2.0,0,Routine Monitoring,EMPLOYMENT_BELOW_BASELINE
SETUP-0089,recovering,2022,4,347640.0,0.2248745891714236,12,-7.6923076923076925,33.55,0.6072171499252099,0.3927828500747901,0.3112498251362895,0.34580312967437576,10.333333333333334,1.0,0.75,0.046902303865462416,0.032793719152195144,0.8685594303245519,0.25,55.916666666666664,6.0,0.0,0.0,0.0,0,Routine Monitoring,
SETUP-0089,recovering,2023,1,399060.0,14.791163272350708,16,23.076923076923077,42.05,0.5378659349471258,0.46213406505287424,0.2512289603122016,0.26177767754222425,7.75,1.0,0.8,0.06159761688462595,0.05975758108010088,0.9970294737812555,0.5625,52.5625,6.0,0.0,0.0,0.0,0,Routine Monitoring,
SETUP-0090,stable,2022,2,407220.0,-0.1911764705882353,15,-6.25,43.8,0.7464630666470212,0.2535369333529787,0.33577867946834655,0.2305633318599283,0.0,1.0,0.5,-0.0019135938764995952,0.0,0.9616866285954764,0.6,58.4,3.0,0.0,1.0,1.0,0,Routine Monitoring,SUSTAINED_DECLINE
SETUP-0090,stable,2022,3,388280.0,-4.651048573252787,16,0.0,45.95,0.8395825950345112,0.1604174049654888,0.32834452676962855,0.2664314412279798,0.0,2.0,0.3333333333333333,-0.024578313253012046,0.022299360513322757,0.9169581163770236,0.25,57.4375,3.0,2.0,2.0,2.0,1,Additional Review or Follow-up,SEVERE_SALES_CONTRACTION|SALES_CONTRACTION|EMPLOYMENT_BELOW_BASELINE|SUSTAINED_DECLINE
SETUP-0091,declining,2022,2,357960.0,3.9916332578002445,16,-11.11111111111111,39.55,0.6732262263940105,0.3267737736059895,0.3208628261499761,0.2872108615487764,8.0,1.0,0.5,0.03913526446210373,0.0,1.065415930986192,0.3125,49.4375,3.0,1.0,0.0,2.0,0,Routine Monitoring,EMPLOYMENT_BELOW_BASELINE
SETUP-0091,declining,2022,3,351720.0,-1.7432115320147503,17,-5.555555555555555,43.25,0.6973592914818606,0.30264070851813935,0.3589661996416189,0.29106960081883315,17.0,1.0,0.6666666666666666,0.01067463706233988,0.028674223949074974,1.0468434776133182,0.47058823529411764,50.88235294117647,3.0,1.0,12.0,2.0,1,Additional Review or Follow-up,SEVERE_EMPLOYMENT_SHORTFALL|SALES_CONTRACTION|EMPLOYMENT_BELOW_BASELINE|SUSTAINED_DECLINE|LABOR_CONTRACTION
SETUP-0091,declining,2022,4,279855.0,-20.432446264073693,14,-22.22222222222222,34.4,0.8263170927801897,0.17368290721981025,0.46348323194693575,0.3604187883010845,17.0,2.0,0.5,-0.059781594070875084,0.1042812223495299,0.8329477465810167,0.21428571428571427,49.142857142857146,1.0,1.0,15.0,3.0,1,Additional Review or Follow-up,SEVERE_EMPLOYMENT_SHORTFALL|SALES_CONTRACTION|EMPLOYMENT_BELOW_BASELINE|SUSTAINED_DECLINE
SETUP-0091,declining,2023,1,247680.0,-11.497025245216273,14,-22.22222222222222,35.4,0.85246955749354,0.14753044250645994,0.3847968685750465,0.35113856589147285,17.0,3.0,0.4,-0.13019725755022368,0.07632286140731909,0.7371835338771371,0.07142857142857142,50.57142857142857,2.0,0.0,11.0,3.0,1,Additional Review or Follow-up,SEVERE_EMPLOYMENT_SHORTFALL|EMPLOYMENT_BELOW_BASELINE
SETUP-0092,growing,2022,2,255510.0,25.97559472451621,12,9.090909090909092,38.2,0.6353846033423349,0.36461539665766507,0.28178886080640053,0.32159210989785136,0.0,1.0,0.5,0.22989734582783336,0.0,1.408060447570455,0.5,63.666666666666664,4.0,1.0,0.0,0.0,1,Additional Review or Follow-up,SEVERE_SALES_CONTRACTION|SALES_CONTRACTION|EMPLOYMENT_BELOW_BASELINE|LABOR_CONTRACTION
SETUP-0092,growing,2022,3,184320.0,-27.861923212398732,10,-9.090909090909092,31.7,0.6801490885416666,0.3198509114583334,0.24749714992404587,0.2575141059027778,6.0,1.0,0.6666666666666666,-0.043191914790984276,0.2691875896845747,1.015747726884217,0.6,63.4,4.0,1.0,0.0,1.0,1,Additional Review or Follow-up,SEVERE_SALES_CONTRACTION|SALES_CONTRACTION|SUSTAINED_DECLINE
SETUP-0092,growing,2022,4,120780.0,-34.47265625,12,9.090909090909092,39.2,0.5774712700778274,0.42252872992217255,0.2666915470748698,0.2668902136115251,7.666666666666667,1.0,0.75,-0.16626169876937788,0.2707227194582878,0.665592504628232,0.4166666666666667,65.33333333333333,2.0,1.0,0.0,1.0,0,Routine Monitoring,
SETUP-0092,growing,2023,1,122100.0,1.092896174863388,14,27.27272727272727,42.4,0.5724099918099917,0.42759000819000825,0.2182657745761058,0.2312039312039312,5.75,1.0,0.8,-0.2717229863338753,0.15445214563917736,0.6728667396514914,0.42857142857142855,60.57142857142857,5.0,1.0,0.0,0.0,0,Routine Monitoring,
SETUP-0092,growing,2023,2,169170.0,38.55036855036855,15,36.36363636363637,46.8,0.5606288940119406,0.4393711059880594,0.33886916067096723,0.3219542472069516,4.8,1.0,0.8333333333333333,-0.02959907440012073,0.2981486002919178,0.9322593476399902,0.6666666666666666,62.4,4.0,0.0,0.0,0.0,0,Routine Monitoring,
SETUP-0092,growing,2023,3,201060.0,18.850860081574748,16,45.45454545454545,48.4,0.6285378493981896,0.3714621506018104,0.21918732851471928,0.28051327961802447,4.0,1.0,0.8571428571428571,0.18783578803151146,0.15298794988080577,1.1079982528610062,0.6875,60.5,4.0,0.0,0.0,0.0,1,Additional Review or Follow-up,SEVERE_SALES_CONTRACTION|SALES_CONTRACTION
SETUP-0094,recovering,2022,2,261140.0,-30.2883075280299,10,-23.076923076923077,26.9,0.8617999540476372,0.13820004595236282,0.3925224051994744,0.4219384238339588,15.0,1.0,0.5,-0.35693837103218296,0.0,0.6400110738532439,0.2,53.8,1.0,1.0,22.0,3.0,0,Routine Monitoring,EMPLOYMENT_BELOW_BASELINE
SETUP-0094,recovering,2022,3,279570.0,7.0575170406678405,12,-7.6923076923076925,33.0,0.5910659942053869,0.40893400579461314,0.36993471243066023,0.2605250921057338,8.0,1.0,0.6666666666666666,-0.15573412286547728,0.1867291228434887,0.6851799644525978,0.25,55.0,2.0,0.0,3.0,1.0,0,Routine Monitoring,
SETUP-0094,recovering,2022,4,289500.0,3.551883249275673,15,15.384615384615385,42.35,0.5346458031088084,0.4653541968911916,0.2640266866589189,0.1982210708117444,8.0,2.0,0.5,-0.07864144553913065,0.1683963114151236,0.7095167568373826,0.5333333333333333,56.46666666666667,4.0,0.0,0.0,0.0,0,Routine Monitoring,LABOR_CONTRACTION
SETUP-0094,recovering,2023,1,277625.0,-4.101899827288428,13,0.0,35.3,0.586123980189104,0.41387601981089595,0.28616154098258095,0.2130211616389014,5.333333333333333,2.0,0.5133945492314702,0.021441821209837206,0.046595475280483876,0.6804130902140876,0.46153846153846156,54.30769230769231,4.0,1.0,0.0,1.0,0,Routine Monitoring,
SETUP-0094,recovering,2023,2,401100.0,44.475461503827106,15,15.384615384615385,41.55,0.44432615307903267,0.5556738469209673,0.2893079657738374,0.2218524058838195,4.0,2.0,0.5944954576928918,0.11306825239722872,0.21325726994077296,0.9830299522192545,0.6666666666666666,55.4,4.0,0.0,0.0,0.0,0,Routine Monitoring,
SETUP-0095,stable,2022,2,469170.0,28.013642564802183,11,-8.333333333333332,33.05,0.6440675021847092,0.3559324978152908,0.3477903607205243,0.22407656073491486,1.0,1.0,0.5,0.24571900391302787,0.0,1.0376240278577846,0.18181818181818182,60.09090909090909,3.0,1.0,0.0,0.0,0,Routine Monitoring,
SETUP-0095,stable,2022,3,469140.0,-0.006394270733422853,12,0.0,36.0,0.5818981114379502,0.4181018885620497,0.31050927998977845,0.2961802447030737,1.0,2.0,0.3333333333333333,0.1179941907250864,0.14010018417767803,1.0375576793682482,0.25,60.0,3.0,1.0,0.0,1.0,0,Routine Monitoring,SUSTAINED_DECLINE
SETUP-0095,stable,2022,4,434430.0,-7.398644327919171,13,8.333333333333332,38.85,0.7235171143797621,0.27648288562023793,0.31422083540104057,0.29467348019243605,1.0,3.0,0.25,0.046861847703594674,0.15252678774363027,0.9607924769747795,0.46153846153846156,59.76923076923077,4.0,0.0,0.0,1.0,0,Routine Monitoring,SUSTAINED_DECLINE
SETUP-0095,stable,2023,1,417540.0,-3.8878530488225955,12,0.0,33.55,0.6633705034248215,0.3366294965751785,0.3896293616101337,0.29604349283900944,1.0,4.0,0.19999999999999998,-0.042362088611837254,0.030191378195208268,0.9234382773658575,0.3333333333333333,55.916666666666664,2.0,1.0,9.0,3.0,0,Routine Monitoring,
SETUP-0096,declining,2022,2,268400.0,-0.36009949140587294,14,-17.647058823529413,36.2,0.7190025335320417,0.28099746646795826,0.3810847927052443,0.3842399403874814,0.0,1.0,0.5,-0.0036074901909738362,0.0,0.8694666678825379,0.21428571428571427,51.714285714285715,1.0,2.0,13.0,4.0,0,Routine Monitoring,EMPLOYMENT_BELOW_BASELINE
SETUP-0096,declining,2022,3,293100.0,9.2026825633383,14,-17.647058823529413,34.1,0.7569355851245309,0.2430644148754691,0.345546620804261,0.3617877857386558,9.5,1.0,0.6666666666666667,0.042840636922743626,0.04781391027372087,0.9494809253218027,0.35714285714285715,48.714285714285715,3.0,1.0,0.0,3.0,1,Additional Review or Follow-up,SALES_CONTRACTION|EMPLOYMENT_BELOW_BASELINE
SETUP-0096,declining,2022,4,222450.0,-24.104401228249746,15,-11.76470588235294,36.85,0.7392724657226343,0.26072753427736567,0.43996320852951115,0.3030568667116206,9.5,2.0,0.5,-0.044073975619944555,0.14002382719049764,0.7206142334965371,0.13333333333333333,49.13333333333333,2.0,0.0,9.0,3.0,1,Additional Review or Follow-up,SEVERE_EMPLOYMENT_SHORTFALL|EMPLOYMENT_BELOW_BASELINE|SUSTAINED_DECLINE
SETUP-0096,declining,2023,1,203775.0,-8.395144976399191,13,-23.52941176470588,32.15,0.7076470617102196,0.2923529382897804,0.45039090634599893,0.36707152496626183,9.5,3.0,0.39999999999999997,-0.10712495887013086,0.13604844303917452,0.660117623873935,0.23076923076923078,49.46153846153846,1.0,1.0,10.0,3.0,0,Routine Monitoring,EMPLOYMENT_BELOW_BASELINE
SETUP-0096,declining,2023,2,231030.0,13.375046006624954,14,-17.647058823529413,33.1,0.7805950742327836,0.21940492576721635,0.4553739562544,0.3087044972514392,9.5,4.0,0.3333333333333333,-0.08623514370945594,0.1536746531711795,0.7484086597649133,0.2857142857142857,47.285714285714285,2.0,1.0,7.0,2.0,1,Additional Review or Follow-up,SEVERE_EMPLOYMENT_SHORTFALL|SALES_CONTRACTION|EMPLOYMENT_BELOW_BASELINE
SETUP-0097,declining,2022,2,282140.0,1.3870921374155527,16,-11.11111111111111,41.85,0.801573367831573,0.19842663216842701,0.3511822883602732,0.3565074076699511,0.0,2.0,0.0,0.013775382748652797,0.0,0.9621980212326416,0.1875,52.3125,2.0,2.0,15.0,3.0,1,Additional Review or Follow-up,SEVERE_SALES_CONTRACTION|SEVERE_EMPLOYMENT_SHORTFALL|SALES_CONTRACTION|EMPLOYMENT_BELOW_BASELINE|LABOR_CONTRACTION
SETUP-0097,declining,2022,3,201900.0,-28.439781668675124,14,-22.22222222222222,33.75,0.864329965329371,0.13567003467062902,0.4547601253396545,0.43959881129271916,0.0,3.0,0.0,-0.15029121628712352,0.14913436903045338,0.688551004773766,0.07142857142857142,48.214285714285715,2.0,2.0,7.0,3.0,1,Additional Review or Follow-up,SEVERE_SALES_CONTRACTION|SEVERE_EMPLOYMENT_SHORTFALL|SALES_CONTRACTION|EMPLOYMENT_BELOW_BASELINE|SUSTAINED_DECLINE|LABOR_CONTRACTION
SETUP-0097,declining,2022,4,147870.0,-26.76077265973254,10,-44.44444444444444,24.9,0.7806321769121526,0.2193678230878474,0.47230024790335584,0.35554879285859203,0.0,4.0,0.0,-0.2071962996736945,0.13681957969591832,0.5042894357399543,0.3,49.8,1.0,2.0,16.0,3.0,1,Additional Review or Follow-up,SEVERE_EMPLOYMENT_SHORTFALL|SALES_CONTRACTION|EMPLOYMENT_BELOW_BASELINE|SUSTAINED_DECLINE|LABOR_CONTRACTION
SETUP-0097,declining,2023,1,120820.0,-18.293095286400217,8,-55.55555555555556,18.45,0.7969745075318656,0.20302549246813437,0.3626603300056932,0.31402085747392816,0.0,5.0,0.0,-0.2858873699732972,0.044406690673465664,0.4120392887407945,0.0,46.125,1.0,1.0,11.0,3.0,1,Additional Review or Follow-up,SEVERE_EMPLOYMENT_SHORTFALL|EMPLOYMENT_BELOW_BASELINE
SETUP-0098,growing,2022,2,383850.0,25.959834613112818,11,10.0,33.2,0.728191324736225,0.27180867526377495,0.36274253689159525,0.2915201250488472,10.0,1.0,0.5,0.22977388576656646,0.0,1.0798079030601715,0.5454545454545454,60.36363636363637,2.0,1.0,0.0,1.0,0,Routine Monitoring,
SETUP-0098,growing,2022,3,374280.0,-2.493161391168425,10,0.0,30.5,0.5103066688041039,0.4896933311958961,0.3167532279728361,0.3182644009832211,9.0,1.0,0.6666666666666666,0.09813994185554208,0.14226498002140622,1.05288654932229,0.3,61.0,4.0,1.0,0.0,1.0,0,Routine Monitoring,
SETUP-0098,growing,2022,4,563475.0,50.54905418403335,13,30.0,39.55,0.5040001419761302,0.49599985802386976,0.2545742921583422,0.22872354585385332,6.0,1.0,0.75,0.18855408907704085,0.21673535664627094,1.5851107416356134,0.46153846153846156,60.84615384615385,3.0,1.0,0.0,0.0,0,Routine Monitoring,
SETUP-0098,growing,2023,1,642000.0,13.935844536137362,13,30.0,39.4,0.5816703426791276,0.4183296573208723,0.3391609125679414,0.1942601246105919,5.25,1.0,0.7999999999999999,0.19630119092179946,0.2217084168603842,1.8060093103155663,0.7692307692307693,60.61538461538461,5.0,0.0,0.0,0.0,0,Routine Monitoring,
SETUP-0098,growing,2023,2,738240.0,14.990654205607475,13,30.0,39.9,0.6202659297789336,0.3797340702210664,0.26923682355855727,0.3407360749891634,4.2,1.0,0.8333333333333333,0.20196851158005086,0.1701646115835849,2.0767419209460494,0.5384615384615384,61.38461538461539,4.0,0.0,0.0,0.0,0,Routine Monitoring,
SETUP-0098,growing,2023,3,807795.0,9.42173276983095,12,20.0,37.2,0.5939797473368862,0.4060202526631138,0.3524105920489543,0.22492711640948507,3.5,1.0,0.8571428571428571,0.1205447190815225,0.024152918948364754,2.2724069950566403,0.3333333333333333,62.0,5.0,0.0,0.0,0.0,0,Routine Monitoring,
SETUP-0099,stable,2022,2,494750.0,8.94217642136786,16,-5.88235294117647,47.0,0.5310809701869631,0.4689190298130369,0.24917455530647856,0.29109651339060133,18.0,1.0,0.5,0.08559474754713402,0.0,1.2011419284840459,0.1875,58.75,3.0,1.0,0.0,1.0,0,Routine Monitoring,
SETUP-0099,stable,2023,2,529740.0,20.701322669947707,18,5.88235294117647,53.95,0.6612316608147394,0.3387683391852606,0.25867690858130243,0.24052365311284782,14.0,3.0,0.4,0.011415629235447993,0.12955451769966683,1.2860897932190773,0.3888888888888889,59.94444444444444,4.0,0.0,4.0,0.0,0,Routine Monitoring,
SETUP-0099,stable,2023,3,589970.0,11.369728546079209,19,11.76470588235294,56.7,0.5703152872179941,0.42968471278200593,0.22714918891020275,0.26508127531908404,9.333333333333334,3.0,0.5,0.07744649457311696,0.1289325820883352,1.432314711566918,0.5789473684210527,59.68421052631579,5.0,0.0,0.0,0.0,0,Routine Monitoring,LABOR_CONTRACTION
SETUP-0100,volatile,2022,2,224850.0,12.15582601755786,9,-25.0,28.2,0.7216861907938626,0.27831380920613735,0.34555781145063746,0.36862352679564153,24.0,1.0,0.29848212953380343,0.11459337455622692,0.0,0.605024244022409,0.1111111111111111,62.666666666666664,1.0,1.0,2.0,2.0,1,Additional Review or Follow-up,SEVERE_EMPLOYMENT_SHORTFALL|EMPLOYMENT_BELOW_BASELINE
SETUP-0100,volatile,2022,3,222120.0,-1.2141427618412275,9,-25.0,24.5,0.8177233027192509,0.1822766972807491,0.42053253626687265,0.3380605078336035,24.0,2.0,0.19898808635586898,0.05013514557108657,0.06684984389699544,0.5976783859562262,0.3333333333333333,54.44444444444444,1.0,0.0,6.0,3.0,1,Additional Review or Follow-up,EMPLOYMENT_BELOW_BASELINE|SUSTAINED_DECLINE
SETUP-0100,volatile,2022,4,202000.0,-9.058166756708086,10,-16.666666666666664,28.2,0.6915048514851486,0.30849514851485144,0.35229408554939506,0.31175742574257426,25.0,2.0,0.3992410647669017,0.000861734063217376,0.08757969494635927,0.5435396810875099,0.2,56.4,3.0,2.0,7.0,1.0,1,Additional Review or Follow-up,SEVERE_EMPLOYMENT_SHORTFALL|EMPLOYMENT_BELOW_BASELINE|SUSTAINED_DECLINE
SETUP-0100,volatile,2023,1,183390.0,-9.212871287128714,9,-25.0,25.45,0.8270454223240089,0.17295457767599112,0.39556493867748443,0.37951905774578765,25.0,3.0,0.31939285181352134,-0.06944110721322505,0.03734706651354255,0.49346406987444774,0.0,56.55555555555556,1.0,0.0,7.0,4.0,0,Routine Monitoring,EMPLOYMENT_BELOW_BASELINE
SETUP-0100,volatile,2023,2,225720.0,23.081956486177,10,-16.666666666666664,24.7,0.6033553074605705,0.39664469253942947,0.3253723345201123,0.2519493177387914,23.333333333333332,3.0,0.4328273765112678,-0.0037492649088486972,0.15187594925051506,0.6073652317577858,0.4,49.4,3.0,2.0,0.0,2.0,0,Routine Monitoring,EMPLOYMENT_BELOW_BASELINE
SETUP-0101,volatile,2022,2,116340.0,-28.317929759704253,4,0.0,10.6,0.7024847859721506,0.2975152140278494,0.3241067709748103,0.3230617156609936,0.0,1.0,0.5,-0.3298880275624462,0.0,0.9830628678167872,0.75,53.0,4.0,1.0,0.0,3.0,0,Routine Monitoring,
SETUP-0101,volatile,2022,3,142380.0,22.382671480144403,5,25.0,13.5,0.5904414243573536,0.4095585756426464,0.2666541766363873,0.19774546986936367,1.5,1.0,0.6666666666666667,-0.07097050021376657,0.25350300619924326,1.2030985999635049,0.4,54.0,5.0,0.0,0.0,0.0,0,Routine Monitoring,SALES_CONTRACTION
SETUP-0101,volatile,2022,4,121020.0,-15.002107037505269,4,0.0,12.45,0.5808310196661709,0.41916898033382916,0.3101105002164537,0.245579243100314,1.5,2.0,0.5,-0.07217179543945096,0.21461810438453213,1.0226084602302525,0.5,62.25,5.0,1.0,0.0,0.0,1,Additional Review or Follow-up,SALES_CONTRACTION|SUSTAINED_DECLINE|LABOR_CONTRACTION
SETUP-0101,volatile,2023,1,99855.0,-17.488844819038178,4,0.0,8.55,0.6649861298883382,0.3350138701116619,0.35164773932907933,0.31090080616894494,1.5,3.0,0.4,-0.059062333844181025,0.1823776101512648,0.843766053514228,0.0,42.75,3.0,1.0,1.0,2.0,0,Routine Monitoring,
SETUP-0102,declining,2022,2,414090.0,17.178148478288552,5,0.0,12.2,0.6925303919437804,0.3074696080562196,0.39470574161703365,0.33656934482841894,0.0,2.0,0.0,0.1581940779829962,0.0,0.9745112211640614,0.2,48.8,1.0,1.0,1.0,2.0,1,Additional Review or Follow-up,SEVERE_EMPLOYMENT_SHORTFALL|SALES_CONTRACTION|EMPLOYMENT_BELOW_BASELINE|LABOR_CONTRACTION
SETUP-0102,declining,2022,3,338250.0,-18.314859088603928,4,-20.0,10.25,0.8026723133776792,0.19732768662232084,0.4535194355027889,0.3778122690317812,0.0,3.0,0.0,-0.020531777792850845,0.17746503783446238,0.7960308642052302,0.25,51.25,1.0,2.0,4.0,3.0,1,Additional Review or Follow-up,SEVERE_SALES_CONTRACTION|SEVERE_EMPLOYMENT_SHORTFALL|SALES_CONTRACTION|EMPLOYMENT_BELOW_BASELINE|SUSTAINED_DECLINE
SETUP-0102,declining,2022,4,230370.0,-31.893569844789354,4,-20.0,9.35,0.7950500065112646,0.20494999348873547,0.47055190811182634,0.3715110474454139,0.0,4.0,0.0,-0.13318963097683922,0.20688613376882603,0.5421482045438547,0.0,46.75,1.0,2.0,10.0,3.0,1,Additional Review or Follow-up,SEVERE_EMPLOYMENT_SHORTFALL|SALES_CONTRACTION|EMPLOYMENT_BELOW_BASELINE|SUSTAINED_DECLINE|LABOR_CONTRACTION
SETUP-0102,declining,2023,1,186030.0,-19.24729782523766,3,-40.0,7.2,0.8567998172337795,0.14320018276622049,0.4341987322077662,0.3264796000645057,0.0,5.0,0.0,-0.2710816777041943,0.06192998051475526,0.4377993249611204,0.0,48.0,1.0,1.0,14.0,3.0,1,Additional Review or Follow-up,SEVERE_EMPLOYMENT_SHORTFALL|EMPLOYMENT_BELOW_BASELINE|SUSTAINED_DECLINE
SETUP-0102,declining,2023,2,182805.0,-1.7335913562328658,3,-40.0,8.05,0.8505198982522358,0.14948010174776413,0.3728450908156321,0.37241869751921447,0.0,6.0,0.0,-0.21789845912603806,0.12366093484942997,0.43020967370594854,0.3333333333333333,53.666666666666664,1.0,2.0,17.0,3.0,1,Additional Review or Follow-up,SEVERE_EMPLOYMENT_SHORTFALL|SALES_CONTRACTION|EMPLOYMENT_BELOW_BASELINE|SUSTAINED_DECLINE|LABOR_CONTRACTION
SETUP-0103,stable,2023,1,69570.0,-0.3223726627981947,13,8.333333333333332,39.05,0.6125498059508409,0.38745019404915915,0.32118036122885113,0.29409228115567054,0.0,3.0,0.25,-0.1796801163213377,0.1712682718333838,0.48624454578053206,0.46153846153846156,60.07692307692308,4.0,2.0,0.0,0.0,0,Routine Monitoring,
SETUP-0104,declining,2022,2,378360.0,33.814323607427056,11,-21.428571428571427,27.3,0.8190844698171054,0.18091553018289463,0.345279514489424,0.38606089438629876,22.0,1.0,0.5,0.2892408222534828,0.0,0.9746094983856001,0.2727272727272727,49.63636363636363,1.0,1.0,14.0,3.0,1,Additional Review or Follow-up,SEVERE_EMPLOYMENT_SHORTFALL|SALES_CONTRACTION|EMPLOYMENT_BELOW_BASELINE
SETUP-0104,declining,2022,3,296430.0,-21.653980336187757,10,-28.57142857142857,25.3,1.027523833620079,-0.027523833620078986,0.4110669959104549,0.3397429409978747,22.0,2.0,0.33333333333333337,0.021429914155022243,0.2773415197180741,0.7635677492505641,0.2,50.6,2.0,2.0,14.0,4.0,1,Additional Review or Follow-up,SEVERE_EMPLOYMENT_SHORTFALL|EMPLOYMENT_BELOW_BASELINE
SETUP-0104,declining,2022,4,297270.0,0.2833721283270924,9,-35.714285714285715,22.15,0.7953796884986714,0.2046203115013287,0.3787326408126592,0.32581491573317184,22.0,3.0,0.25,-0.012231333827432042,0.2280912313241579,0.7657314874328347,0.1111111111111111,49.22222222222222,2.0,0.0,0.0,4.0,1,Additional Review or Follow-up,SEVERE_EMPLOYMENT_SHORTFALL|SALES_CONTRACTION|EMPLOYMENT_BELOW_BASELINE
SETUP-0104,declining,2023,1,252600.0,-15.026743364618026,10,-28.57142857142857,23.5,0.8625275534441806,0.1374724465558194,0.42824826737378946,0.2983768804433888,22.0,4.0,0.19999999999999998,-0.12295330948998089,0.0918674975432319,0.6506669819542303,0.2,47.0,1.0,1.0,11.0,4.0,1,Additional Review or Follow-up,SEVERE_EMPLOYMENT_SHORTFALL|EMPLOYMENT_BELOW_BASELINE
SETUP-0104,declining,2023,2,289080.0,14.441805225653207,10,-28.57142857142857,26.05,0.938129687283797,0.06187031271620303,0.38666001117352916,0.3767988100179881,22.0,5.0,0.16666666666666669,-0.023505786608888656,0.12033546721081004,0.7446350401556964,0.3,52.1,1.0,1.0,14.0,2.0,1,Additional Review or Follow-up,SEVERE_EMPLOYMENT_SHORTFALL|SALES_CONTRACTION|EMPLOYMENT_BELOW_BASELINE|LABOR_CONTRACTION
SETUP-0104,declining,2023,3,225640.0,-21.945482219454824,8,-42.857142857142854,20.3,0.8947228771494415,0.10527712285055846,0.431141806432931,0.3184054245701117,25.0,5.0,0.28571428571428575,-0.06703425731971933,0.15777265609349006,0.5812212898184977,0.0,50.75,1.0,2.0,16.0,3.0,1,Additional Review or Follow-up,SEVERE_SALES_CONTRACTION|SEVERE_EMPLOYMENT_SHORTFALL|SALES_CONTRACTION|EMPLOYMENT_BELOW_BASELINE|SUSTAINED_DECLINE
SETUP-0105,declining,2022,2,446110.0,58.51543900792382,14,27.27272727272727,36.45,0.5034145165990451,0.49658548340095493,0.3291589011847763,0.27522359956064646,12.0,1.0,0.5,0.45270363141545483,0.0,1.0517836959239604,0.5,52.07142857142857,4.0,0.0,0.0,0.0,0,Routine Monitoring,LABOR_CONTRACTION
SETUP-0105,declining,2022,3,418140.0,-6.269754096523279,11,0.0,29.55,0.7999021619553259,0.2000978380446741,0.39976064896969127,0.3942579040512747,12.0,2.0,0.3333333333333333,0.17898977026743942,0.3239259655222355,0.9858394445622038,0.45454545454545453,53.72727272727273,2.0,1.0,6.0,3.0,1,Additional Review or Follow-up,SALES_CONTRACTION|EMPLOYMENT_BELOW_BASELINE|SUSTAINED_DECLINE
SETUP-0105,declining,2022,4,338850.0,-18.96254842875592,10,-9.090909090909092,26.7,0.9090417884019477,0.09095821159805224,0.38053050946760475,0.36764054891544934,12.0,3.0,0.25,0.03887829818191616,0.33929775207656904,0.7988991624573176,0.1,53.4,1.0,2.0,12.0,3.0,1,Additional Review or Follow-up,EMPLOYMENT_BELOW_BASELINE|SUSTAINED_DECLINE
SETUP-0105,declining,2023,1,316950.0,-6.463036741921203,9,-18.181818181818183,24.8,0.7346215491402429,0.2653784508597571,0.28962370022457645,0.31008045433033604,12.0,4.0,0.2,-0.12283017006019539,0.05938407741611538,0.7472660160568004,0.4444444444444444,55.111111111111114,4.0,1.0,0.0,1.0,1,Additional Review or Follow-up,SEVERE_EMPLOYMENT_SHORTFALL|EMPLOYMENT_BELOW_BASELINE|LABOR_CONTRACTION
SETUP-0105,declining,2023,2,318715.0,0.5568701687963401,8,-27.27272727272727,18.65,0.8195564061936212,0.18044359380637878,0.4458481869330792,0.37765715451108356,12.0,5.0,0.16666666666666669,-0.09196103844814402,0.08072756570582364,0.7514273175817736,0.125,46.625,2.0,2.0,13.0,3.0,1,Additional Review or Follow-up,SEVERE_EMPLOYMENT_SHORTFALL|EMPLOYMENT_BELOW_BASELINE
SETUP-0106,declining,2022,2,206175.0,12.075994781474234,18,-5.263157894736842,46.5,0.8098177761610283,0.19018222383897165,0.4538438124872053,0.34972717351764276,0.0,2.0,0.0,0.11388365565765697,0.0,0.5244325940752077,0.2777777777777778,51.666666666666664,2.0,2.0,4.0,3.0,0,Routine Monitoring,EMPLOYMENT_BELOW_BASELINE
SETUP-0106,declining,2022,3,242550.0,17.642779192433615,18,-5.263157894736842,45.0,0.7446312925170069,0.2553687074829932,0.3648207920787694,0.36264687693259123,0.0,2.0,0.17705240675970907,0.13890798738708837,0.0278339220547969,0.6169570786610482,0.2222222222222222,50.0,3.0,1.0,9.0,3.0,1,Additional Review or Follow-up,SEVERE_SALES_CONTRACTION|SEVERE_EMPLOYMENT_SHORTFALL|SALES_CONTRACTION|EMPLOYMENT_BELOW_BASELINE|LABOR_CONTRACTION
SETUP-0106,declining,2022,4,127050.0,-47.61904761904761,14,-26.31578947368421,36.55,0.8133413616686344,0.18665863833136567,0.4239005324622766,0.42920110192837463,0.0,3.0,0.1327893050697818,-0.07073782305672373,0.2954016703227051,0.3231679935843586,0.21428571428571427,52.214285714285715,1.0,1.0,20.0,3.0,1,Additional Review or Follow-up,SEVERE_EMPLOYMENT_SHORTFALL|SALES_CONTRACTION|EMPLOYMENT_BELOW_BASELINE|SUSTAINED_DECLINE|LABOR_CONTRACTION
SETUP-0106,declining,2023,1,114180.0,-10.129870129870131,13,-31.57894736842105,30.55,0.7988982308635487,0.20110176913645125,0.4045906409028023,0.3694605009633911,0.0,4.0,0.10623144405582544,-0.2269626279974781,0.2674128002829766,0.29043149553295605,0.23076923076923078,47.0,3.0,1.0,5.0,3.0,1,Additional Review or Follow-up,SEVERE_EMPLOYMENT_SHORTFALL|EMPLOYMENT_BELOW_BASELINE
SETUP-0107,stable,2022,2,282150.0,7.7113953044474135,7,-12.5,19.45,0.6119690235690236,0.38803097643097645,0.1757014916452507,0.3034201665780613,9.0,1.0,0.3457513175291905,0.07425105679103106,0.0,1.0184908888923903,0.42857142857142855,55.57142857142857,4.0,0.0,0.0,1.0,0,Routine Monitoring,EMPLOYMENT_BELOW_BASELINE
SETUP-0107,stable,2022,3,292700.0,3.7391458444090024,7,-12.5,19.25,0.7260691834642979,0.27393081653570206,0.3405331110488426,0.31158182439357707,9.0,2.0,0.23050087835279368,0.055120697896749525,0.019861247300192054,1.0565737486400943,0.2857142857142857,55.0,1.0,1.0,10.0,2.0,0,Routine Monitoring,
SETUP-0107,stable,2022,4,276180.0,-5.644004099760847,9,12.5,27.65,0.6195494967050474,0.3804505032949526,0.35092998435249767,0.3267253240640162,11.5,2.0,0.4228756587645953,0.01913421624827041,0.055994936466858464,0.9969406829498506,0.4444444444444444,61.44444444444444,3.0,1.0,0.0,1.0,0,Routine Monitoring,
SETUP-0107,stable,2023,1,291280.0,5.467448765297994,9,12.5,26.0,0.5506161425432573,0.44938385745674264,0.28415023069397366,0.24371738533369952,7.666666666666667,2.0,0.5383005270116762,0.0038063222767900132,0.04881881679953067,1.0514479040105456,0.2222222222222222,57.77777777777778,4.0,0.0,0.0,1.0,0,Routine Monitoring,
SETUP-0107,stable,2023,2,320040.0,9.873661082120297,8,0.0,23.0,0.582866204224472,0.41713379577552806,0.3032498036619393,0.2407355330583677,6.25,2.0,0.6152504391763969,0.03291645483816302,0.06529225106739588,1.1552643065076045,0.625,57.5,5.0,0.0,5.0,1.0,0,Routine Monitoring,
SETUP-0107,stable,2023,3,367735.0,14.902824646919136,8,0.0,23.6,0.6385766380681741,0.3614233619318259,0.38735417029167596,0.2383509864440426,5.0,2.0,0.6702146621511972,0.09669105784972536,0.03854773536652599,1.327431320314879,0.625,59.0,4.0,1.0,5.0,1.0,0,Routine Monitoring,SALES_CONTRACTION
SETUP-0108,declining,2022,2,90975.0,-36.895224222245346,11,-31.25,27.2,0.70626798571036,0.2937320142896401,0.4418649604460386,0.32404506732618854,0.0,2.0,0.0,-0.4524113294207706,0.0,0.5177483980104802,0.18181818181818182,49.45454545454545,2.0,1.0,13.0,4.0,1,Additional Review or Follow-up,SEVERE_EMPLOYMENT_SHORTFALL|SALES_CONTRACTION|EMPLOYMENT_BELOW_BASELINE|SUSTAINED_DECLINE
SETUP-0108,declining,2022,3,71880.0,-20.989282769991757,11,-31.25,25.6,0.7846832220367279,0.21531677796327214,0.40886402734037514,0.35844462993878684,18.0,2.0,0.19316943691671795,-0.3531610318546023,0.07952970726126793,0.4090767227149582,0.18181818181818182,46.54545454545455,1.0,2.0,0.0,4.0,1,Additional Review or Follow-up,SEVERE_EMPLOYMENT_SHORTFALL|SALES_CONTRACTION|EMPLOYMENT_BELOW_BASELINE|SUSTAINED_DECLINE
SETUP-0108,declining,2022,4,61160.0,-14.913745130773512,12,-25.0,30.7,0.8309802158273382,0.16901978417266186,0.41017103560905305,0.38783518639633746,18.0,3.0,0.14487707768753844,-0.29128143842685644,0.09268204633386182,0.34806806289992825,0.5833333333333334,51.166666666666664,1.0,1.0,27.0,3.0,1,Additional Review or Follow-up,SEVERE_EMPLOYMENT_SHORTFALL|SALES_CONTRACTION|EMPLOYMENT_BELOW_BASELINE|SUSTAINED_DECLINE
SETUP-0109,declining,2022,2,138510.0,7.172701949860724,19,-9.523809523809524,49.6,0.8026205328135153,0.19737946718648472,0.35033345485786443,0.3352465525954805,0.0,2.0,0.0,0.0692436974789916,0.0,1.0421719221006773,0.2631578947368421,52.21052631578947,1.0,3.0,5.0,3.0,0,Routine Monitoring,EMPLOYMENT_BELOW_BASELINE
SETUP-0109,declining,2022,3,127740.0,-7.77561186917912,20,-4.761904761904762,50.15,0.8323993267574762,0.16760067324252387,0.37948535836643216,0.3931031783309848,0.0,3.0,0.0,-0.0056891451111279676,0.07474156909519922,0.9611366784285648,0.25,50.15,2.0,2.0,10.0,2.0,1,Additional Review or Follow-up,SEVERE_EMPLOYMENT_SHORTFALL|SALES_CONTRACTION|EMPLOYMENT_BELOW_BASELINE|SUSTAINED_DECLINE|LABOR_CONTRACTION
SETUP-0109,declining,2022,4,114900.0,-10.05166744950681,16,-23.809523809523807,38.35,0.7945054830287206,0.20549451697127943,0.41627899538036917,0.31762402088772845,0.0,4.0,0.0,-0.04215599835419973,0.0763989104229393,0.8645264157776897,0.25,47.9375,1.0,1.0,4.0,2.0,1,Additional Review or Follow-up,EMPLOYMENT_BELOW_BASELINE|SUSTAINED_DECLINE
SETUP-0109,declining,2023,1,109605.0,-4.608355091383812,18,-14.285714285714285,45.75,0.747377674376169,0.252622325623831,0.40031139090337664,0.3526298982710643,0.0,5.0,0.0,-0.08114435920163829,0.02232128877435314,0.8246859686798407,0.3333333333333333,50.833333333333336,2.0,2.0,6.0,2.0,1,Additional Review or Follow-up,SEVERE_EMPLOYMENT_SHORTFALL|SALES_CONTRACTION|EMPLOYMENT_BELOW_BASELINE|SUSTAINED_DECLINE|LABOR_CONTRACTION
SETUP-0110,growing,2022,2,270195.0,31.19446467589221,12,9.090909090909092,37.2,0.48707640777956657,0.5129235922204335,0.2290932734554401,0.255019522937138,12.0,0.0,1.0,0.269854771130643,0.0,1.226901210443084,0.4166666666666667,62.0,5.0,0.0,0.0,0.0,0,Routine Monitoring,
SETUP-0110,growing,2022,3,300420.0,11.18636540276467,14,27.27272727272727,43.05,0.4930873443845283,0.5069126556154717,0.29402713636974265,0.2371679648492111,12.0,1.0,0.6666666666666667,0.18247667613142493,0.1000404963656377,1.3641468629741904,0.21428571428571427,61.5,4.0,0.0,0.0,1.0,0,Routine Monitoring,SALES_CONTRACTION
SETUP-0111,growing,2022,2,203940.0,39.27473878303626,15,-6.25,47.0,0.5468425026968717,0.4531574973031283,0.3078307750881297,0.2388202412474257,0.0,1.0,0.5,0.32828153095299256,0.0,1.0310428373425273,0.26666666666666666,62.666666666666664,4.0,1.0,0.0,0.0,0,Routine Monitoring,
SETUP-0111,growing,2022,3,225600.0,10.620770814945573,18,12.5,58.1,0.6603193705673759,0.33968062943262417,0.3411295912110013,0.22690602836879434,0.0,2.0,0.3333333333333333,0.20618261367779572,0.14326983984045344,1.1405475341005893,0.6666666666666666,64.55555555555556,4.0,0.0,0.0,0.0,0,Routine Monitoring,SALES_CONTRACTION
SETUP-0112,stable,2022,2,76350.0,14.330637915543576,22,4.761904761904762,64.5,0.7374057629338573,0.26259423706614277,0.4136739837157219,0.33601833660772756,11.0,0.0,1.0,0.13372458604066234,0.0,0.9422765228009321,0.13636363636363635,58.63636363636363,2.0,1.0,0.0,2.0,0,Routine Monitoring,EMPLOYMENT_BELOW_BASELINE
SETUP-0112,stable,2022,3,76050.0,-0.3929273084479371,20,-4.761904761904762,55.85,0.7419575279421433,0.25804247205785674,0.3893276257858319,0.26522024983563447,11.0,1.0,0.6666666666666667,0.06344100739118533,0.07361782611995757,0.9385740610217536,0.5,55.85,2.0,0.0,0.0,3.0,1,Additional Review or Follow-up,EMPLOYMENT_BELOW_BASELINE|SUSTAINED_DECLINE
SETUP-0113,stable,2022,2,487515.0,21.75395219899603,15,15.384615384615385,40.05,0.571434109719701,0.42856589028029907,0.3571776711188455,0.23346973939263407,0.0,1.0,0.5,0.19619900329419715,0.0,1.3739282685244536,0.7333333333333333,53.4,4.0,1.0,0.0,0.0,0,Routine Monitoring,
SETUP-0113,stable,2022,3,544425.0,11.673486969631703,15,15.384615384615385,45.35,0.5755620700739312,0.42443792992606877,0.3193617636589431,0.23970243835239013,0.0,1.0,0.5448428080448363,0.1508168394596293,0.05040232614682163,1.5343136059227422,0.6,60.46666666666667,5.0,0.0,0.0,0.0,1,Additional Review or Follow-up,SEVERE_SALES_CONTRACTION|SALES_CONTRACTION|EMPLOYMENT_BELOW_BASELINE|LABOR_CONTRACTION
SETUP-0113,stable,2022,4,293700.0,-46.05317536850806,12,-7.6923076923076925,35.75,0.7005930200885256,0.29940697991147436,0.3881918800537528,0.2875553285665645,0.0,2.0,0.4086321060336272,-0.06099939167463283,0.2987341789934062,0.8277134702842621,0.3333333333333333,59.583333333333336,3.0,0.0,1.0,1.0,0,Routine Monitoring,SUSTAINED_DECLINE
SETUP-0113,stable,2023,1,266660.0,-9.206673476336398,15,15.384615384615385,45.6,0.6515019875496888,0.3484980124503112,0.34057746777864806,0.279700742518563,0.0,2.0,0.5269056848269017,-0.22942661558751493,0.23865394162168005,0.7515085937555374,0.4,60.8,3.0,2.0,0.0,0.0,0,Routine Monitoring,
SETUP-0113,stable,2023,2,319920.0,19.972999324983125,14,7.6923076923076925,40.45,0.5467676294073518,0.4532323705926482,0.31532621129772775,0.32934796199049765,1.0,2.0,0.6057547373557515,-0.1966877353557403,0.27015579355330205,0.901607400113521,0.35714285714285715,57.785714285714285,4.0,0.0,0.0,0.0,0,Routine Monitoring,
SETUP-0113,stable,2023,3,359850.0,12.481245311327832,13,0.0,38.8,0.5522527441989717,0.4477472558010282,0.20869851603811537,0.25516187300264,1.0,3.0,0.5192183463049298,0.08118826252086475,0.12373562786726229,1.0141392314667745,0.3076923076923077,59.69230769230769,7.0,1.0,0.0,0.0,1,Additional Review or Follow-up,SEVERE_SALES_CONTRACTION|SALES_CONTRACTION
SETUP-0114,stable,2022,2,232900.0,6.522136845956824,8,0.0,22.75,0.6852657363675396,0.3147342636324604,0.31126134793715654,0.2700085873765565,0.0,2.0,0.0,0.06316162466226691,0.0,0.9061359135394603,0.375,56.875,4.0,1.0,3.0,2.0,1,Additional Review or Follow-up,SEVERE_SALES_CONTRACTION|SEVERE_EMPLOYMENT_SHORTFALL|SALES_CONTRACTION|EMPLOYMENT_BELOW_BASELINE|LABOR_CONTRACTION
SETUP-0114,stable,2022,3,160570.0,-31.056247316444825,6,-25.0,17.3,0.8261685869091361,0.1738314130908639,0.34263834589861186,0.3929127483340599,12.0,2.0,0.33333333333333337,-0.14230285406217838,0.18789192081200823,0.6247241032075188,0.0,57.666666666666664,1.0,0.0,0.0,2.0,0,Routine Monitoring,
SETUP-0114,stable,2022,4,206160.0,28.39260135766332,8,0.0,23.45,0.46725198874660456,0.5327480112533954,0.27684841906360796,0.25897361272797825,7.0,2.0,0.5,-0.05365955002627495,0.2455066820292692,0.8020995274164668,0.5,58.625,5.0,1.0,0.0,0.0,0,Routine Monitoring,
SETUP-0114,stable,2023,1,192615.0,-6.5701396973224675,9,12.5,27.3,0.7482638942969135,0.2517361057030864,0.3563485221525344,0.3827323936349713,6.0,2.0,0.6,-0.038000870942700805,0.2439519155054546,0.7494004679536417,0.3333333333333333,60.666666666666664,4.0,1.0,6.0,2.0,0,Routine Monitoring,
SETUP-0114,stable,2023,2,205580.0,6.731043792020351,9,12.5,26.05,0.7648562116937444,0.23514378830625554,0.35345150068869624,0.3017073645296235,8.0,2.0,0.6666666666666667,0.06352779684282772,0.1440886232098079,0.7998429416292068,0.3333333333333333,57.888888888888886,4.0,1.0,0.0,1.0,0,Routine Monitoring,
SETUP-0115,stable,2022,2,420260.0,27.51380544935979,16,6.666666666666667,46.85,0.6408884024175511,0.3591115975824489,0.36055085220243754,0.26731071241612336,3.0,1.0,0.5,0.24186493118531954,0.0,1.2031590755743993,0.3125,58.5625,3.0,1.0,0.0,0.0,0,Routine Monitoring,EMPLOYMENT_BELOW_BASELINE
SETUP-0115,stable,2022,3,461670.0,9.853424070813306,14,-6.666666666666667,39.95,0.7268603114778954,0.2731396885221046,0.2933539867735337,0.2397816622262655,3.0,2.0,0.3333333333333333,0.16354384198231958,0.08830190689273243,1.321711441537222,0.14285714285714285,57.07142857142857,3.0,0.0,0.0,1.0,0,Routine Monitoring,SALES_CONTRACTION
SETUP-0115,stable,2022,4,387960.0,-15.965949704334264,16,6.666666666666667,47.75,0.7330634343746779,0.2669365656253221,0.37303215489743313,0.2440844416950201,1.5,2.0,0.5,0.05415543898916516,0.17854405745740162,1.1106876575449578,0.5,59.6875,4.0,0.0,4.0,2.0,1,Additional Review or Follow-up,SALES_CONTRACTION|SUSTAINED_DECLINE
SETUP-0115,stable,2023,1,338000.0,-12.877616249097844,15,0.0,43.8,0.7723032544378697,0.22769674556213026,0.34889979830561396,0.3054881656804734,3.6666666666666665,2.0,0.6,-0.07972933471817102,0.11512688940164804,0.967657563280224,0.26666666666666666,58.4,3.0,1.0,11.0,1.0,1,Additional Review or Follow-up,SALES_CONTRACTION|EMPLOYMENT_BELOW_BASELINE|SUSTAINED_DECLINE
SETUP-0116,declining,2022,2,206280.0,5.920410783055199,15,-11.76470588235294,34.9,0.7601520263719217,0.23984797362807833,0.3533105244146584,0.31217277486910994,13.0,1.0,0.5,0.05750193252375134,0.0,0.9918692971302001,0.2,46.53333333333333,3.0,1.0,1.0,2.0,1,Additional Review or Follow-up,SEVERE_EMPLOYMENT_SHORTFALL|SALES_CONTRACTION|EMPLOYMENT_BELOW_BASELINE
SETUP-0116,declining,2022,3,182760.0,-11.40197789412449,13,-23.52941176470588,36.1,0.8343092033267674,0.1656907966732326,0.44066124797389267,0.38840555920332676,13.0,2.0,0.33333333333333337,-0.030807310848078934,0.08661194338589845,0.8787765791328067,0.23076923076923078,55.53846153846154,3.0,2.0,7.0,4.0,1,Additional Review or Follow-up,EMPLOYMENT_BELOW_BASELINE|SUSTAINED_DECLINE
SETUP-0116,declining,2022,4,180840.0,-1.0505581089954037,15,-11.76470588235294,36.9,0.722195200176952,0.277804799823048,0.3761180743478381,0.33571112585711127,18.5,2.0,0.5,-0.03413415638936479,0.07116580392491749,0.8695445205207746,0.06666666666666667,49.2,1.0,1.0,0.0,2.0,1,Additional Review or Follow-up,SEVERE_SALES_CONTRACTION|SEVERE_EMPLOYMENT_SHORTFALL|SALES_CONTRACTION|EMPLOYMENT_BELOW_BASELINE|SUSTAINED_DECLINE|LABOR_CONTRACTION
SETUP-0116,declining,2023,1,75660.0,-58.16191108161911,11,-35.294117647058826,27.15,0.8943698123182657,0.10563018768173421,0.43390319385730514,0.37701559608776103,18.5,3.0,0.39999999999999997,-0.2440003717817641,0.24844739844863512,0.3638008096803904,0.09090909090909091,49.36363636363637,1.0,2.0,16.0,3.0,1,Additional Review or Follow-up,SEVERE_EMPLOYMENT_SHORTFALL|EMPLOYMENT_BELOW_BASELINE
SETUP-0117,growing,2022,4,235530.0,28.061113527620705,18,38.46153846153847,55.75,0.4967999830170254,0.5032000169829746,0.2704908842137469,0.21330616057402454,1.0,0.0,1.0,0.28585450976115173,0.06334429080554174,1.744668023630685,0.7777777777777778,61.94444444444444,4.0,1.0,0.0,0.0,0,Routine Monitoring,
SETUP-0117,growing,2023,1,225975.0,-4.056808049929946,16,23.076923076923077,48.75,0.5319228233211638,0.4680771766788362,0.27375378594201094,0.2204889921451488,0.75,0.0,1.0,0.17392525592212493,0.18850041240529988,1.6738901908034818,0.4375,60.9375,6.0,1.0,0.0,0.0,0,Routine Monitoring,
SETUP-0117,growing,2023,2,396960.0,75.66544971788915,21,61.53846153846154,66.4,0.41016462615880694,0.589835373841193,0.3069903718209705,0.31747531237404275,0.6,0.0,1.0,0.24158636204473394,0.3275052517674994,2.940446731458569,0.5238095238095238,63.23809523809524,6.0,2.0,0.0,0.0,0,Routine Monitoring,LABOR_CONTRACTION
SETUP-0118,stable,2022,2,300645.0,-0.9243697478991597,10,11.11111111111111,29.5,0.6277633421477158,0.37223665785228427,0.36693003392977974,0.3275125147599328,23.0,1.0,0.3079126272135084,-0.009286618826509076,0.0,1.0649811923991985,0.1,59.0,1.0,1.0,6.0,1.0,0,Routine Monitoring,
SETUP-0118,stable,2022,3,488135.0,62.36258710439222,11,22.22222222222222,33.7,0.49557015989429154,0.5044298401057085,0.24815611607095242,0.2036219488461184,11.5,1.0,0.538608418142339,0.253634765571354,0.3164347842614569,1.7291310161545437,0.36363636363636365,61.27272727272727,5.0,0.0,0.0,0.0,1,Additional Review or Follow-up,SALES_CONTRACTION|EMPLOYMENT_BELOW_BASELINE|LABOR_CONTRACTION
SETUP-0118,stable,2022,4,374625.0,-23.253812982064385,8,-11.11111111111111,23.5,0.794440947614281,0.20555905238571906,0.35394612627539573,0.33385385385385385,11.5,2.0,0.4039563136067542,0.10935368526541478,0.36261413385666597,1.3270421234430967,0.125,58.75,2.0,0.0,12.0,2.0,0,Routine Monitoring,
SETUP-0118,stable,2023,1,376570.0,0.5191858525191858,9,0.0,26.3,0.7147583185065195,0.2852416814934805,0.2771665514796705,0.3261544998273893,13.666666666666666,2.0,0.5231650508854033,0.029679702592574554,0.3608620806986374,1.3339319384049833,0.2222222222222222,58.44444444444444,4.0,1.0,0.0,1.0,0,Routine Monitoring,
SETUP-0118,stable,2023,2,452380.0,20.131715218949996,9,0.0,27.15,0.7887500994738936,0.21124990052610634,0.24076427665816635,0.3047880100800212,13.666666666666666,3.0,0.43597087573783616,-0.024902613332072283,0.17739193389589297,1.602475317459294,0.3333333333333333,60.333333333333336,1.0,0.0,10.0,2.0,0,Routine Monitoring,
SETUP-0118,stable,2023,3,426675.0,-5.6821698571997,9,0.0,27.45,0.7130643698365267,0.2869356301634734,0.3590450303592407,0.38116833655592663,13.666666666666666,4.0,0.3736893220610024,0.056913970249961664,0.11002347141063623,1.5114199480015569,0.1111111111111111,61.0,1.0,0.0,0.0,2.0,0,Routine Monitoring,EMPLOYMENT_BELOW_BASELINE
SETUP-0119,stable,2022,4,90675.0,-10.311572700296736,14,-6.666666666666667,39.05,0.74343876481941,0.25656123518059004,0.355600417793394,0.2958919216983733,3.0,0.0,0.8162472215210287,0.05166730758666154,0.17355860178129173,0.8145706590525683,0.21428571428571427,55.785714285714285,3.0,2.0,6.0,2.0,0,Routine Monitoring,
SETUP-0119,stable,2023,1,92550.0,2.0678246484698097,16,6.666666666666667,46.15,0.5690883846569422,0.4309116153430578,0.24084639332375532,0.3149648838465694,5.25,0.0,0.8621854161407716,0.025618512288187748,0.14363865387069488,0.8314145519196603,0.5,57.6875,6.0,0.0,1.0,0.0,1,Additional Review or Follow-up,SALES_CONTRACTION|EMPLOYMENT_BELOW_BASELINE|LABOR_CONTRACTION
SETUP-0119,stable,2023,2,77280.0,-16.499189627228525,13,-13.333333333333334,37.55,0.6746884057971014,0.32531159420289857,0.2928748260449959,0.2719332298136646,5.25,1.0,0.6897483329126172,-0.07697349317625586,0.07719168788492183,0.6942378884100632,0.5384615384615384,57.76923076923077,1.0,1.0,0.0,3.0,0,Routine Monitoring,
SETUP-0120,stable,2022,2,512235.0,30.270084687571526,13,8.333333333333332,39.45,0.6146063232695931,0.385393676730407,0.3700485609574679,0.26437084541275,6.5,0.0,0.9296572146446519,0.2629093981412455,0.0,1.2164353311752225,0.3076923076923077,60.69230769230769,4.0,1.0,0.0,1.0,1,Additional Review or Follow-up,EMPLOYMENT_BELOW_BASELINE|LABOR_CONTRACTION
SETUP-0120,stable,2022,3,569530.0,11.185295811492772,11,-8.333333333333332,33.0,0.6165074359559638,0.38349256404403625,0.3530601321236862,0.2986146471652064,6.5,1.0,0.6197714764297679,0.1793115137544704,0.09542394438039375,1.3524972213226827,0.18181818181818182,60.0,3.0,1.0,0.0,0.0,1,Additional Review or Follow-up,SEVERE_SALES_CONTRACTION|SALES_CONTRACTION|EMPLOYMENT_BELOW_BASELINE
SETUP-0121,declining,2022,2,296820.0,-5.5735827447986255,11,-15.384615384615385,28.85,0.9114041506637018,0.08859584933629816,0.4206389786183784,0.28266289333602856,0.0,2.0,0.0,-0.057333595130571374,0.0,0.924362846891823,0.18181818181818182,52.45454545454545,1.0,1.0,15.0,3.0,1,Additional Review or Follow-up,SEVERE_EMPLOYMENT_SHORTFALL|SALES_CONTRACTION|EMPLOYMENT_BELOW_BASELINE|SUSTAINED_DECLINE|LABOR_CONTRACTION
SETUP-0121,declining,2022,3,250200.0,-15.706488781079441,9,-30.76923076923077,24.2,0.8258957633892885,0.17410423661071145,0.4979172385170824,0.3392685851318945,0.0,3.0,0.0,-0.11169545834494288,0.050664530181404085,0.7791779000482922,0.1111111111111111,53.77777777777778,2.0,2.0,11.0,5.0,1,Additional Review or Follow-up,SEVERE_EMPLOYMENT_SHORTFALL|EMPLOYMENT_BELOW_BASELINE|SUSTAINED_DECLINE
SETUP-0121,declining,2022,4,247200.0,-1.1990407673860912,10,-23.076923076923077,28.2,0.6926800161812298,0.30731998381877024,0.39194027933107717,0.4072411003236246,0.0,4.0,0.0,-0.08949989175146135,0.06076168841577869,0.7698352393762504,0.4,56.4,1.0,2.0,6.0,4.0,1,Additional Review or Follow-up,SEVERE_SALES_CONTRACTION|SEVERE_EMPLOYMENT_SHORTFALL|SALES_CONTRACTION|EMPLOYMENT_BELOW_BASELINE|SUSTAINED_DECLINE
SETUP-0121,declining,2023,1,174075.0,-29.58131067961165,10,-23.076923076923077,24.35,0.7546007755277898,0.24539922447221021,0.3461089626425303,0.4154243860404998,0.0,5.0,0.0,-0.15335615695629948,0.11587972576754017,0.5421078854952297,0.3,48.7,1.0,1.0,13.0,3.0,1,Additional Review or Follow-up,SEVERE_EMPLOYMENT_SHORTFALL|EMPLOYMENT_BELOW_BASELINE
SETUP-0121,declining,2023,2,196250.0,12.738762027861553,9,-30.76923076923077,22.35,0.8860284331210191,0.11397156687898095,0.4466507609596057,0.3980127388535032,21.0,5.0,0.08498667011421379,-0.10831772739059034,0.17609354036027605,0.6111657189627392,0.1111111111111111,49.666666666666664,2.0,1.0,22.0,5.0,1,Additional Review or Follow-up,SEVERE_EMPLOYMENT_SHORTFALL|EMPLOYMENT_BELOW_BASELINE
SETUP-0122,stable,2022,4,136650.0,-0.06581834137779728,13,8.333333333333332,38.6,0.5402030735455543,0.45979692645444564,0.28879844213021755,0.2618733991950238,13.333333333333334,0.0,1.0,0.08764084098036938,0.09998703145165941,0.7367160234953377,0.6153846153846154,59.38461538461539,5.0,1.0,0.0,1.0,0,Routine Monitoring,SUSTAINED_DECLINE
SETUP-0122,stable,2023,1,131100.0,-4.061470911086718,12,0.0,37.1,0.6268374523264683,0.3731625476735318,0.28962480282225056,0.2532418001525553,16.25,0.0,1.0,0.03947117192698238,0.10496181164064751,0.7067945165037598,0.5833333333333334,61.833333333333336,4.0,0.0,0.0,0.0,0,Routine Monitoring,
SETUP-0123,volatile,2022,2,627570.0,37.833563945443764,14,16.666666666666664,34.8,0.6035295186194368,0.3964704813805632,0.17513098503098373,0.20725974791656707,0.0,0.0,1.0,0.3181515957446808,0.0,1.3900743349875808,0.42857142857142855,49.714285714285715,4.0,0.0,0.0,0.0,0,Routine Monitoring,SALES_CONTRACTION
SETUP-0123,volatile,2022,3,493650.0,-21.339452172666,13,8.333333333333332,35.05,0.4845536108578953,0.5154463891421047,0.17430952831959914,0.27529626253418416,0.0,1.0,0.6666666666666666,0.03647884911799966,0.29586508059054883,1.0934400871084011,0.6153846153846154,53.92307692307692,6.0,0.0,0.0,0.0,0,Routine Monitoring,
SETUP-0124,declining,2023,2,26400.0,-1.345291479820628,8,-38.46153846153847,20.3,0.8983174242424243,0.1016825757575757,0.40708723969643584,0.36666666666666664,29.0,3.0,0.25,-0.35004892367906065,0.17368430847785807,0.2800481449435849,0.0,50.75,1.0,1.0,8.0,3.0,1,Additional Review or Follow-up,SEVERE_EMPLOYMENT_SHORTFALL|EMPLOYMENT_BELOW_BASELINE|SUSTAINED_DECLINE
SETUP-0125,volatile,2022,2,310605.0,40.01622827777402,15,0.0,40.7,0.63515780492909,0.36484219507091,0.29953504908350276,0.2858453663012508,0.0,1.0,0.5,0.3334460220869957,0.0,0.8667552541761422,0.6666666666666666,54.266666666666666,2.0,0.0,5.0,0.0,0,Routine Monitoring,
SETUP-0125,volatile,2022,3,322040.0,3.681524766182129,15,0.0,44.05,0.6446471556328407,0.3553528443671593,0.29848401873641306,0.20106197987827598,0.0,2.0,0.3333333333333333,0.17590522891115062,0.18167351755795946,0.8986650635208218,0.4666666666666667,58.733333333333334,4.0,0.0,0.0,1.0,0,Routine Monitoring,
SETUP-0126,recovering,2022,2,123120.0,2.344139650872818,5,-16.666666666666664,14.4,0.8785821150097466,0.12141788499025342,0.37591405018515583,0.3774366471734893,0.0,2.0,0.0,0.023169829923588858,0.0,0.7661708678649287,0.2,57.6,1.0,2.0,6.0,3.0,0,Routine Monitoring,EMPLOYMENT_BELOW_BASELINE
SETUP-0126,recovering,2022,3,115860.0,-5.896686159844054,5,-16.666666666666664,14.7,0.7842107716209218,0.21578922837907816,0.37505076566174317,0.31878991886759883,11.0,2.0,0.2824058636154561,-0.018537074148296594,0.041204129053584365,0.7209921763387804,0.0,58.8,1.0,2.0,13.0,2.0,1,Additional Review or Follow-up,EMPLOYMENT_BELOW_BASELINE|SUSTAINED_DECLINE
SETUP-0126,recovering,2022,4,113910.0,-1.6830657690315898,5,-16.666666666666664,13.85,0.7746319023790713,0.22536809762092874,0.41247022835430225,0.3109472390483715,11.0,3.0,0.21180439771159207,-0.022341976795790273,0.03364589959077983,0.7088574038214265,0.2,55.4,4.0,1.0,12.0,1.0,0,Routine Monitoring,
SETUP-0126,recovering,2023,1,122880.0,7.8746378720042145,6,0.0,16.0,0.511498291015625,0.48850170898437495,0.30376031913239976,0.24702962239583334,5.5,3.0,0.3694435181692737,-0.002244782142631944,0.05761497309996781,0.7646773574012544,0.6666666666666666,53.333333333333336,5.0,1.0,0.0,1.0,0,Routine Monitoring,
SETUP-0126,recovering,2023,2,183480.0,49.31640625,6,0.0,15.4,0.44838565511227374,0.5516143448877262,0.29605359439308226,0.3094070198386745,3.6666666666666665,3.0,0.47453626514106145,0.15804375804375803,0.22135230870982592,1.1417887494790215,0.6666666666666666,51.333333333333336,6.0,0.0,0.0,0.0,0,Routine Monitoring,
SETUP-0127,growing,2022,2,266700.0,20.24617326810794,12,9.090909090909092,39.2,0.639224409448819,0.360775590551181,0.3432089119530224,0.23910761154855642,1.0,1.0,0.5,0.18385039764992478,0.0,1.3855720491620913,0.16666666666666666,65.33333333333333,4.0,1.0,0.0,1.0,0,Routine Monitoring,
SETUP-0127,growing,2022,3,320040.0,20.0,12,9.090909090909092,38.05,0.40098028371453565,0.5990197162854644,0.30215905542698485,0.2343769528808899,0.5,1.0,0.6666666666666666,0.1822648370200424,0.001230866340539677,1.6626864589945096,0.4166666666666667,63.416666666666664,5.0,0.0,0.0,0.0,0,Routine Monitoring,
SETUP-0127,growing,2022,4,311750.0,-2.590301212348457,13,18.181818181818183,39.55,0.4501839615076183,0.5498160384923817,0.31259914417949786,0.23955092221331195,0.3333333333333333,1.0,0.75,0.11540099171193044,0.10707665358357375,1.6196178714896212,0.23076923076923078,60.84615384615385,5.0,1.0,0.0,0.0,0,Routine Monitoring,
SETUP-0127,growing,2023,1,362925.0,16.415396952686446,14,27.27272727272727,42.5,0.5612470620651648,0.4387529379348351,0.2560273402909776,0.2335330991251636,0.25,1.0,0.8,0.08891126235219972,0.09912885276872123,1.8854845742112936,0.6428571428571429,60.714285714285715,4.0,1.0,4.0,1.0,0,Routine Monitoring,
SETUP-0128,declining,2022,2,445995.0,20.211045524379397,23,0.0,58.5,0.8645654547696723,0.1354345452303277,0.421556787491396,0.2909785984147804,0.0,2.0,0.0,0.1835606881230837,0.0,0.9930536565263433,0.2608695652173913,50.869565217391305,2.0,0.0,0.0,1.0,1,Additional Review or Follow-up,SALES_CONTRACTION|EMPLOYMENT_BELOW_BASELINE|LABOR_CONTRACTION
SETUP-0128,declining,2022,3,368065.0,-17.473290059305597,19,-17.391304347826086,47.7,0.747665575373915,0.25233442462608496,0.4538075631002385,0.3696629671389564,0.0,3.0,0.0,-0.0037276279038369045,0.18842167791842498,0.8195345106769549,0.0,50.21052631578947,1.0,1.0,13.0,3.0,1,Additional Review or Follow-up,SEVERE_EMPLOYMENT_SHORTFALL|EMPLOYMENT_BELOW_BASELINE|SUSTAINED_DECLINE
SETUP-0129,growing,2022,2,456210.0,10.628546486250546,20,11.11111111111111,63.2,0.4944712961136319,0.5055287038863682,0.3784769447131928,0.23282041165252845,0.0,0.0,1.0,0.1009221842296135,0.0,1.258726724291929,0.4,63.2,4.0,0.0,0.0,0.0,0,Routine Monitoring,
SETUP-0129,growing,2022,3,556765.0,22.041384450143575,20,11.11111111111111,63.05,0.523750828446472,0.476249171553528,0.3329071991730764,0.21427352653273823,0.0,0.0,1.0,0.15194635722328825,0.05706418981946515,1.5361675207698118,0.35,63.05,3.0,1.0,0.0,2.0,0,Routine Monitoring,
SETUP-0129,growing,2022,4,679200.0,21.99042684076765,24,33.33333333333333,73.3,0.3331342167255595,0.6668657832744405,0.24794011228261967,0.2614914605418139,0.0,0.0,1.0,0.17125045437158926,0.05368092898045233,1.8739773155763315,0.4583333333333333,61.083333333333336,6.0,0.0,0.0,0.0,0,Routine Monitoring,
SETUP-0129,growing,2023,1,752700.0,10.821554770318022,22,22.22222222222222,66.75,0.6656711837385413,0.3343288162614587,0.2500381897480634,0.30589876444798725,0.0,0.0,1.0,0.16555529423794674,0.052771086153974446,2.0767707971647593,0.45454545454545453,60.68181818181818,5.0,0.0,0.0,0.0,0,Routine Monitoring,SALES_CONTRACTION
SETUP-0129,growing,2023,2,596880.0,-20.701474691111997,19,5.555555555555555,57.9,0.6555587387749632,0.3444412612250368,0.2929111638199708,0.2836080954295671,0.0,1.0,0.8333333333333334,0.029989035193740583,0.18077129646047124,1.646848616197292,0.3684210526315789,60.94736842105263,4.0,1.0,6.0,1.0,0,Routine Monitoring,
SETUP-0129,growing,2023,3,624435.0,4.616505830317652,23,27.77777777777778,71.65,0.6119654888018768,0.38803451119812316,0.2133360908398646,0.20029306493069735,0.0,1.0,0.8571428571428572,-0.04826069504356036,0.13634939418263636,1.7228754785805456,0.5652173913043478,62.30434782608695,5.0,1.0,0.0,0.0,0,Routine Monitoring,
SETUP-0130,growing,2022,2,192060.0,6.463414634146342,16,6.666666666666667,49.65,0.7611358429657399,0.23886415703426012,0.25936918433136374,0.3518952410704988,5.5,0.0,0.9387148959797856,0.06261075014766686,0.0,1.1929209958784721,0.375,62.0625,5.0,2.0,0.0,1.0,0,Routine Monitoring,
SETUP-0130,growing,2022,3,179280.0,-6.654170571696345,16,6.666666666666667,50.45,0.5596354863900045,0.44036451360999557,0.3273533871981318,0.32407407407407407,4.0,0.0,0.9591432639865237,-0.0030449124587668104,0.06558792602921343,1.11354199802714,0.375,63.0625,2.0,1.0,0.0,2.0,1,Additional Review or Follow-up,SEVERE_SALES_CONTRACTION|SALES_CONTRACTION|SUSTAINED_DECLINE
SETUP-0131,declining,2022,2,360210.0,30.10076931411854,10,-9.090909090909092,21.9,0.7933367480081064,0.20666325199189356,0.44066408734671075,0.341564642847228,0.0,2.0,0.0,0.2616311923149369,0.0,1.0586916539176043,0.6,43.8,3.0,0.0,7.0,2.0,1,Additional Review or Follow-up,SALES_CONTRACTION|EMPLOYMENT_BELOW_BASELINE
SETUP-0131,declining,2022,3,301000.0,-16.437633602620693,10,-9.090909090909092,24.6,0.8445537541528239,0.1554462458471761,0.35528578106946573,0.32506644518272426,0.0,3.0,0.0,0.0385841292853488,0.23269201458369618,0.8846677988651034,0.2,49.2,2.0,1.0,7.0,2.0,1,Additional Review or Follow-up,SEVERE_SALES_CONTRACTION|SEVERE_EMPLOYMENT_SHORTFALL|SALES_CONTRACTION|EMPLOYMENT_BELOW_BASELINE|SUSTAINED_DECLINE|LABOR_CONTRACTION
SETUP-0131,declining,2022,4,129120.0,-57.10299003322259,7,-36.36363636363637,16.3,0.8717260687732341,0.1282739312267659,0.3583310966941541,0.40365551425030977,0.0,4.0,0.0,-0.18832833583208397,0.3562768867667338,0.37949603385203373,0.0,46.57142857142857,1.0,1.0,19.0,4.0,1,Additional Review or Follow-up,SEVERE_EMPLOYMENT_SHORTFALL|SALES_CONTRACTION|EMPLOYMENT_BELOW_BASELINE|SUSTAINED_DECLINE
SETUP-0131,declining,2023,1,107240.0,-16.9454770755886,8,-27.27272727272727,17.65,0.8379083364416263,0.16209166355837368,0.46037489000614196,0.4281051846325998,0.0,5.0,0.0,-0.4148044163686398,0.19051261158497482,0.3151886204328694,0.375,44.125,1.0,1.0,0.0,3.0,1,Additional Review or Follow-up,SEVERE_SALES_CONTRACTION|SEVERE_EMPLOYMENT_SHORTFALL|SALES_CONTRACTION|EMPLOYMENT_BELOW_BASELINE|SUSTAINED_DECLINE|LABOR_CONTRACTION
SETUP-0131,declining,2023,2,64350.0,-39.994405072734054,6,-45.45454545454545,13.65,0.8257098679098679,0.17429013209013208,0.47659323719102664,0.3690753690753691,0.0,6.0,0.0,-0.4865001412640641,0.1645391749405456,0.1891308068337854,0.16666666666666666,45.5,1.0,2.0,7.0,3.0,1,Additional Review or Follow-up,SEVERE_EMPLOYMENT_SHORTFALL|EMPLOYMENT_BELOW_BASELINE|SUSTAINED_DECLINE
SETUP-0132,volatile,2022,2,360480.0,45.05945554415404,11,10.0,27.65,0.5227897802929428,0.47721021970705724,0.20495681574502086,0.21488015978695074,15.0,1.0,0.5,0.3677430478583216,0.0,1.3457123338298373,0.36363636363636365,50.27272727272727,7.0,1.0,0.0,0.0,0,Routine Monitoring,
SETUP-0132,volatile,2022,3,409020.0,13.46537949400799,11,10.0,27.15,0.6556777419197105,0.3443222580802895,0.3206975430533462,0.24158965331768617,7.5,1.0,0.6666666666666666,0.2365140642727688,0.15797038025073026,1.5269176064776966,0.5454545454545454,49.36363636363637,5.0,1.0,0.0,0.0,1,Additional Review or Follow-up,SEVERE_SALES_CONTRACTION|SALES_CONTRACTION
SETUP-0132,volatile,2022,4,245805.0,-39.90391667889101,11,10.0,31.25,0.7469602327047863,0.2530397672952137,0.447499424857151,0.3492199100913326,7.5,2.0,0.5,0.012799392313718043,0.3506381806390033,0.9176176770335196,0.2727272727272727,56.81818181818182,2.0,1.0,9.0,3.0,1,Additional Review or Follow-up,SALES_CONTRACTION|SUSTAINED_DECLINE
SETUP-0132,volatile,2023,1,218520.0,-11.100262403124429,10,0.0,29.7,0.6399937305509793,0.3600062694490207,0.32272834106880427,0.22876624565257184,11.333333333333334,2.0,0.6000000000000001,-0.19098170323992464,0.21810810355944152,0.8157597070253441,0.6,59.4,4.0,0.0,0.0,1.0,0,Routine Monitoring,
SETUP-0132,volatile,2023,2,261165.0,19.51537616694124,10,0.0,25.55,0.6200013401489479,0.379998659851052,0.2805990391091055,0.287079049642946,8.5,2.0,0.6406299644013996,-0.16600999550466722,0.2426158414492057,0.9749582824696778,0.3,51.1,3.0,0.0,0.0,1.0,0,Routine Monitoring,
SETUP-0133,volatile,2022,2,477000.0,36.613586894260514,12,20.0,32.6,0.43850253668763106,0.5614974633123689,0.2558413135690357,0.2460901467505241,6.0,0.0,1.0,0.30948000387334174,0.0,1.295299748247496,0.4166666666666667,54.333333333333336,5.0,0.0,0.0,0.0,0,Routine Monitoring,SALES_CONTRACTION
SETUP-0133,volatile,2022,3,402610.0,-15.59538784067086,10,0.0,30.6,0.7437806562181765,0.25621934378182354,0.4007612132673808,0.340925461364596,6.0,0.0,1.0,0.06524817500427256,0.2610448736746569,1.0932927288090657,0.3,61.2,2.0,3.0,5.0,2.0,0,Routine Monitoring,
SETUP-0133,volatile,2022,4,511590.0,27.068378828146344,11,10.0,28.35,0.5312360093043258,0.4687639906956742,0.29891590849976174,0.1820109853593698,4.5,0.0,1.0,0.094899905766623,0.22698715152745716,1.3892293463436824,0.6363636363636364,51.54545454545455,5.0,1.0,0.0,1.0,1,Additional Review or Follow-up,SEVERE_SALES_CONTRACTION|SALES_CONTRACTION
SETUP-0134,growing,2022,2,80880.0,10.446538303973782,18,20.0,57.35,0.6896986894164194,0.31030131058358057,0.3255967830961606,0.2724406528189911,0.0,0.0,1.0,0.09927973525403933,0.0,0.9849791291715246,0.6111111111111112,63.72222222222222,4.0,1.0,4.0,1.0,1,Additional Review or Follow-up,SEVERE_SALES_CONTRACTION|SALES_CONTRACTION|EMPLOYMENT_BELOW_BASELINE|LABOR_CONTRACTION
SETUP-0134,growing,2022,3,57750.0,-28.597922848664687,14,-6.666666666666667,42.6,0.6463554978354978,0.35364450216450216,0.3033375545817602,0.23142857142857143,0.0,1.0,0.6666666666666666,-0.10960067969413764,0.19522230576319233,0.7032955577356027,0.35714285714285715,60.857142857142854,3.0,2.0,2.0,2.0,0,Routine Monitoring,
SETUP-0134,growing,2022,4,58275.0,0.9090909090909091,17,13.333333333333334,54.15,0.5349249249249249,0.46507507507507506,0.30892847118075883,0.2965250965250965,0.0,1.0,0.7500000000000001,-0.10068299183741462,0.16620257754420692,0.7096891537150173,0.5882352941176471,63.705882352941174,4.0,1.0,0.0,0.0,0,Routine Monitoring,
SETUP-0134,growing,2023,1,57690.0,-1.0038610038610039,20,33.33333333333333,63.1,0.5134226035708095,0.48657739642919046,0.23828612039089306,0.2139885595423817,0.0,1.0,0.8,-0.10847817121310316,0.13481491407013851,0.702564861052241,0.6,63.1,6.0,0.0,0.0,0.0,0,Routine Monitoring,
SETUP-0134,growing,2023,2,72000.0,24.804992199687987,20,33.33333333333333,62.2,0.6024997222222223,0.39750027777777774,0.19967436591718116,0.2840972222222222,0.0,1.0,0.8333333333333334,0.06864049813808681,0.11741523595975129,0.8768360200339982,0.45,62.2,6.0,0.0,0.0,0.0,0,Routine Monitoring,
SETUP-0134,growing,2023,3,85140.0,18.25,20,33.33333333333333,60.45,0.42861299036880435,0.5713870096311957,0.22639277367080168,0.24606530420483907,0.3333333333333333,1.0,0.8571428571428572,0.13900148294611964,0.10953315023195848,1.0368585936902028,0.55,60.45,5.0,1.0,0.0,0.0,0,Routine Monitoring,
SETUP-0135,declining,2022,2,289980.0,-8.164428680010134,10,-23.076923076923077,25.25,0.9039454445134147,0.09605455548658526,0.4030887805525661,0.3798537830195186,34.0,1.0,0.25178937885031616,-0.0851190279657939,0.0,1.223468185492004,0.0,50.5,1.0,2.0,15.0,4.0,1,Additional Review or Follow-up,SEVERE_SALES_CONTRACTION|SEVERE_EMPLOYMENT_SHORTFALL|SALES_CONTRACTION|EMPLOYMENT_BELOW_BASELINE|SUSTAINED_DECLINE|LABOR_CONTRACTION
SETUP-0135,declining,2022,3,129000.0,-55.514173391268365,8,-38.46153846153847,17.7,0.8567723255813954,0.14322767441860462,0.42149448041111204,0.37802325581395346,17.5,1.0,0.5011929192335441,-0.3812777308980047,0.23674872355629115,0.544269935610968,0.0,44.25,1.0,1.0,4.0,3.0,1,Additional Review or Follow-up,SEVERE_SALES_CONTRACTION|SEVERE_EMPLOYMENT_SHORTFALL|SALES_CONTRACTION|EMPLOYMENT_BELOW_BASELINE|SUSTAINED_DECLINE|LABOR_CONTRACTION
SETUP-0135,declining,2022,4,66840.0,-48.18604651162791,6,-53.84615384615385,12.75,0.9014038001196887,0.09859619988031128,0.4391839777805182,0.322935368043088,19.333333333333332,1.0,0.558496418113397,-0.4529753736370668,0.20809799138454785,0.2820077712886597,0.0,42.5,1.0,2.0,16.0,5.0,1,Additional Review or Follow-up,SEVERE_EMPLOYMENT_SHORTFALL|EMPLOYMENT_BELOW_BASELINE
SETUP-0135,declining,2023,1,73140.0,9.425493716337522,8,-38.46153846153847,19.8,0.935231337161608,0.06476866283839203,0.43106088316241925,0.3082444626743232,19.333333333333332,2.0,0.4467971344907176,-0.5100042936882783,0.2904010899705834,0.3085883960510558,0.5,49.5,1.0,1.0,7.0,4.0,1,Additional Review or Follow-up,SEVERE_EMPLOYMENT_SHORTFALL|EMPLOYMENT_BELOW_BASELINE
SETUP-0135,declining,2023,2,76200.0,4.1837571780147655,7,-46.15384615384615,18.45,0.8914846456692914,0.1085153543307086,0.39249796080235966,0.33989501312335957,19.333333333333332,3.0,0.37233094540893136,-0.17625586650443248,0.260110269519751,0.3214989852213625,0.2857142857142857,52.714285714285715,1.0,1.0,9.0,3.0,1,Additional Review or Follow-up,SEVERE_EMPLOYMENT_SHORTFALL|EMPLOYMENT_BELOW_BASELINE
SETUP-0136,growing,2022,2,557010.0,33.50350530289412,18,0.0,56.0,0.7392637295560223,0.2607362704439777,0.3084189757040754,0.26629683488626776,0.0,1.0,0.5,0.28696361760766137,0.0,1.319274618519171,0.3333333333333333,62.22222222222222,4.0,1.0,0.0,0.0,0,Routine Monitoring,
SETUP-0136,growing,2022,3,652890.0,17.213335487693218,19,5.555555555555555,58.75,0.5192881342952106,0.4807118657047894,0.35562411685792295,0.18689212577922773,2.5,1.0,0.6666666666666666,0.21725282323115924,0.08145084907600451,1.5463657846088608,0.6842105263157895,61.8421052631579,4.0,0.0,0.0,1.0,0,Routine Monitoring,
SETUP-0136,growing,2022,4,663840.0,1.677158479988972,21,16.666666666666664,67.8,0.4874480597734394,0.5125519402265606,0.27507902653353256,0.3340865268739455,1.6666666666666667,1.0,0.75,0.14591667703347716,0.12994267029538858,1.5723007894970762,0.3333333333333333,64.57142857142857,4.0,1.0,0.0,0.0,0,Routine Monitoring,
SETUP-0136,growing,2023,1,657265.0,-0.9904495059050373,23,27.77777777777778,71.0,0.508146592318167,0.491853407681833,0.2547409559121423,0.1463640997162484,6.5,1.0,0.8,0.04926343488061067,0.08026807283335542,1.5567279440961614,0.4782608695652174,61.73913043478261,6.0,0.0,0.0,0.0,0,Routine Monitoring,
SETUP-0136,growing,2023,2,793750.0,20.76559682928499,21,16.666666666666664,64.75,0.5186770393700788,0.48132296062992125,0.2961612086862299,0.2759937007874016,6.6,1.0,0.8333333333333334,0.060121868163432686,0.09688539410161173,1.8799917926959875,0.8095238095238095,61.666666666666664,5.0,1.0,0.0,0.0,0,Routine Monitoring,
SETUP-0136,growing,2023,3,931000.0,17.291338582677167,24,33.33333333333333,76.95,0.5304985069817401,0.4695014930182599,0.22706346913106537,0.18548335123523094,5.666666666666667,1.0,0.8571428571428571,0.12317920583875464,0.09543000915265852,2.205067538897593,0.5833333333333334,64.125,6.0,0.0,0.0,0.0,0,Routine Monitoring,
SETUP-0137,volatile,2022,2,356915.0,38.382056451612904,11,0.0,30.4,0.49287432581987306,0.507125674180127,0.2335785892034664,0.17858593782833448,6.0,1.0,0.5,0.3220213553229728,0.0,1.1160842193840421,0.5454545454545454,55.27272727272727,4.0,0.0,0.0,0.0,0,Routine Monitoring,
SETUP-0137,volatile,2022,3,340050.0,-4.725214686970287,12,9.090909090909092,31.6,0.7166722540802823,0.2833277459197176,0.41836347640830446,0.3216144684605205,6.0,2.0,0.33333333333333337,0.12901553590222906,0.21553635569291596,1.0633468439307499,0.3333333333333333,52.666666666666664,3.0,1.0,0.0,2.0,1,Additional Review or Follow-up,SEVERE_SALES_CONTRACTION|SALES_CONTRACTION|EMPLOYMENT_BELOW_BASELINE|SUSTAINED_DECLINE|LABOR_CONTRACTION
SETUP-0138,declining,2022,2,74570.0,-7.676117370310759,11,0.0,26.25,0.8224720396942471,0.1775279603057529,0.3722865191824005,0.3744133029368379,0.0,2.0,0.0,-0.07982490021887473,0.0,0.6732387115599611,0.2727272727272727,47.72727272727273,1.0,1.0,5.0,3.0,1,Additional Review or Follow-up,SEVERE_EMPLOYMENT_SHORTFALL|SALES_CONTRACTION|EMPLOYMENT_BELOW_BASELINE|SUSTAINED_DECLINE|LABOR_CONTRACTION
SETUP-0138,declining,2022,3,65325.0,-12.397747083277459,8,-27.27272727272727,22.15,0.9204561806352851,0.07954381936471484,0.425708811750775,0.40474550325296593,29.0,2.0,0.29924308183743614,-0.10498946366664401,0.023608148564833495,0.5897722788340413,0.0,55.375,1.0,1.0,11.0,3.0,1,Additional Review or Follow-up,EMPLOYMENT_BELOW_BASELINE|SUSTAINED_DECLINE
SETUP-0139,stable,2022,2,191220.0,-2.938937109791381,9,0.0,25.6,0.8076202280096223,0.19237977199037765,0.346474726862382,0.2836523376215877,0.0,1.0,0.5,-0.029827679468356388,0.0,1.0230387010051427,0.2222222222222222,56.888888888888886,2.0,1.0,0.0,2.0,0,Routine Monitoring,SUSTAINED_DECLINE
SETUP-0139,stable,2022,3,187730.0,-1.8251228950946556,10,11.11111111111111,27.3,0.7012351781814308,0.29876482181856917,0.2917373123407814,0.2593884834602887,0.0,1.0,0.6666666666666666,-0.024168345023959998,0.005569071073483627,1.004366987447419,0.6,54.6,2.0,0.0,0.0,1.0,0,Routine Monitoring,
SETUP-0139,stable,2022,4,195075.0,3.9125339583444307,10,11.11111111111111,29.65,0.6148470588235294,0.38515294117647064,0.3527368264923614,0.274637959759067,0.0,2.0,0.5,-0.004822089788401305,0.03001924273050706,1.0436631868977002,0.5,59.3,3.0,1.0,11.0,2.0,0,Routine Monitoring,
SETUP-0139,stable,2023,1,175950.0,-9.803921568627452,10,11.11111111111111,29.8,0.691512986643933,0.30848701335606704,0.34538990205693665,0.29698778061949416,0.0,3.0,0.4,-0.02051535051168372,0.056245798525952406,0.9413432666136119,0.5,59.6,1.0,1.0,5.0,0.0,0,Routine Monitoring,LABOR_CONTRACTION
SETUP-0139,stable,2023,2,213180.0,21.15942028985507,9,0.0,25.3,0.5696182568721269,0.43038174312787314,0.3061444989188118,0.203255464865372,0.0,4.0,0.3333333333333333,0.02965275573720585,0.12668091057634628,1.140526044766637,0.2222222222222222,56.22222222222222,2.0,1.0,0.0,2.0,0,Routine Monitoring,
SETUP-0140,recovering,2022,2,188070.0,13.261065943992772,7,-12.5,17.45,0.7762530440793322,0.22374695592066782,0.3755881485234151,0.3508268198011379,0.0,2.0,0.0,0.124364622161979,0.0,0.9514991195711409,0.2857142857142857,49.857142857142854,2.0,2.0,5.0,2.0,0,Routine Monitoring,
SETUP-0140,recovering,2022,3,204290.0,8.624448343701813,8,0.0,21.8,0.7218501150325518,0.2781498849674482,0.38617244998127037,0.2839101277595575,0.0,2.0,0.3333333333333333,0.10272022349169965,0.0231830880014548,1.0335606696293314,0.5,54.5,3.0,0.0,0.0,0.0,0,Routine Monitoring,
SETUP-0140,recovering,2022,4,187800.0,-8.071858632336385,8,0.0,21.65,0.6786936102236422,0.3213063897763578,0.36889521669222003,0.270580404685836,0.0,3.0,0.25,0.043671352568311866,0.09161262409301814,0.9501331134974225,0.25,54.125,4.0,1.0,0.0,1.0,0,Routine Monitoring,SUSTAINED_DECLINE
SETUP-0141,growing,2022,2,398110.0,33.29873434674881,13,8.333333333333332,37.45,0.3813986837808646,0.6186013162191354,0.1885346304823746,0.23144357087237197,0.0,0.0,1.0,0.28546005137993885,0.0,1.7926507667656029,0.3076923076923077,57.61538461538461,5.0,1.0,0.0,0.0,0,Routine Monitoring,
SETUP-0141,growing,2022,3,437500.0,9.894250332822587,14,16.666666666666664,43.65,0.5282575085714285,0.4717424914285715,0.24879043839485043,0.20211428571428572,0.0,0.0,1.0,0.1836070776799175,0.11702242006963112,1.9700201212226551,0.7142857142857143,62.357142857142854,5.0,1.0,0.0,0.0,0,Routine Monitoring,
SETUP-0141,growing,2022,4,430450.0,-1.6114285714285712,14,16.666666666666664,45.7,0.598394981995586,0.401605018004414,0.24031656758513656,0.2875595307236613,0.0,1.0,0.75,0.1111406513625441,0.1452534181651558,1.9382746541263816,0.5714285714285714,65.28571428571429,5.0,0.0,0.0,0.0,0,Routine Monitoring,SUSTAINED_DECLINE
SETUP-0141,growing,2023,1,419595.0,-2.5217795330468116,17,41.66666666666667,53.55,0.5725362790309703,0.4274637209690297,0.291000633717149,0.22344165206925726,0.0,1.0,0.8,0.01362200450270073,0.05650635987324399,1.8893956406043886,0.5882352941176471,63.0,5.0,0.0,0.0,0.0,0,Routine Monitoring,
SETUP-0141,growing,2023,2,508710.0,21.23833696779037,16,33.33333333333333,47.9,0.45377344656090896,0.5462265534390911,0.273864534815139,0.28728548681960253,0.0,1.0,0.8333333333333333,0.045155058719391176,0.10992339050467789,2.2906718534106902,0.625,59.875,4.0,0.0,0.0,0.0,0,Routine Monitoring,
SETUP-0142,stable,2022,2,302060.0,27.370862323423996,18,5.88235294117647,52.6,0.5438623121234192,0.4561376878765809,0.29106529408345133,0.2460438323511885,16.0,1.0,0.5,0.24075962982882365,0.0,1.2459275902242077,0.3888888888888889,58.44444444444444,3.0,0.0,0.0,1.0,0,Routine Monitoring,EMPLOYMENT_BELOW_BASELINE
SETUP-0142,stable,2022,3,296280.0,-1.9135271138184466,16,-5.88235294117647,48.05,0.7465632509788038,0.2534367490211961,0.32041627590467203,0.2937592817604968,10.0,1.0,0.6666666666666666,0.1061592598355456,0.1464219471862122,1.2220864279667227,0.1875,60.0625,2.0,1.0,2.0,2.0,1,Additional Review or Follow-up,SALES_CONTRACTION|EMPLOYMENT_BELOW_BASELINE|SUSTAINED_DECLINE
SETUP-0142,stable,2022,4,251845.0,-14.997637370055353,16,-5.88235294117647,48.05,0.7775004467033294,0.22249955329667054,0.33138553983052926,0.28358712700271993,10.0,2.0,0.5,0.014091333397710917,0.17713331991549944,1.0388023371516109,0.4375,60.0625,4.0,1.0,1.0,3.0,1,Additional Review or Follow-up,EMPLOYMENT_BELOW_BASELINE|SUSTAINED_DECLINE
SETUP-0142,stable,2023,1,227250.0,-9.7659274553793,16,-5.88235294117647,47.7,0.8184433443344334,0.18155665566556656,0.3475017776373888,0.2883828382838284,10.0,3.0,0.4,-0.09981669427854116,0.05377162830514791,0.9373536545005999,0.5,59.625,1.0,1.0,0.0,3.0,0,Routine Monitoring,
SETUP-0143,growing,2022,2,331540.0,8.95527293042821,24,20.0,72.8,0.4268289799119262,0.5731710200880739,0.25685240597754744,0.21008023164625686,1.5,0.0,1.0,0.08571473507069499,0.0,1.1438692846600864,0.7083333333333334,60.666666666666664,4.0,0.0,0.0,0.0,0,Routine Monitoring,
SETUP-0143,growing,2022,3,439860.0,32.67177414489956,21,5.0,65.45,0.41935522666302916,0.5806447733369708,0.30724108452246396,0.2625494475514937,1.0,0.0,1.0,0.1890461006423784,0.11858250607235674,1.517591673857108,0.5714285714285714,62.333333333333336,6.0,0.0,0.0,0.0,0,Routine Monitoring,
SETUP-0143,growing,2022,4,447840.0,1.8142136134224527,26,30.0,79.8,0.5680326679171133,0.43196733208288673,0.19845307016552488,0.23381118256520186,1.75,0.0,1.0,0.14150558243027705,0.1318945791143985,1.5451240286003893,0.4230769230769231,61.38461538461539,4.0,0.0,0.0,0.0,0,Routine Monitoring,
SETUP-0144,declining,2022,2,313200.0,-6.451612903225806,8,-20.0,20.0,0.8257924329501916,0.17420756704980842,0.3996162747659192,0.38697318007662834,0.0,2.0,0.0,-0.06666666666666667,0.0,0.8575663010395869,0.0,50.0,1.0,0.0,20.0,4.0,0,Routine Monitoring,EMPLOYMENT_BELOW_BASELINE
SETUP-0144,declining,2022,3,372030.0,18.78352490421456,9,-10.0,22.1,0.7909249522887939,0.20907504771120608,0.3907484986889112,0.245679111899578,0.0,3.0,0.0,0.05474838975324255,0.12617568903720183,1.0186474807655093,0.3333333333333333,49.111111111111114,3.0,1.0,0.0,2.0,1,Additional Review or Follow-up,SEVERE_EMPLOYMENT_SHORTFALL|SALES_CONTRACTION|EMPLOYMENT_BELOW_BASELINE|LABOR_CONTRACTION
SETUP-0144,declining,2022,4,296820.0,-20.216111603902913,7,-30.0,16.85,0.8601835118927296,0.13981648810727046,0.4499041143206867,0.3553500437975878,0.0,4.0,0.0,-0.016739947602232602,0.16149459063547392,0.8127165692036085,0.0,48.142857142857146,2.0,1.0,14.0,4.0,1,Additional Review or Follow-up,SEVERE_SALES_CONTRACTION|SEVERE_EMPLOYMENT_SHORTFALL|SALES_CONTRACTION|EMPLOYMENT_BELOW_BASELINE|SUSTAINED_DECLINE|LABOR_CONTRACTION
SETUP-0145,recovering,2022,2,401700.0,12.181635388739947,13,0.0,35.9,0.745881852128454,0.25411814787154596,0.36410950723905167,0.38284789644012945,9.5,0.0,0.6417242608687369,0.11482271183763722,0.0,1.2402927294623756,0.15384615384615385,55.23076923076923,2.0,0.0,0.0,2.0,1,Additional Review or Follow-up,EMPLOYMENT_BELOW_BASELINE|LABOR_CONTRACTION
SETUP-0145,recovering,2022,3,378570.0,-5.7580283793876035,11,-15.384615384615385,29.0,0.6958712523443484,0.30412874765565157,0.480305993129716,0.2971181023324616,9.5,1.0,0.4278161739124913,0.026999604691000132,0.08969831884063775,1.168876322112451,0.2727272727272727,52.72727272727273,2.0,1.0,11.0,3.0,0,Routine Monitoring,SUSTAINED_DECLINE
SETUP-0146,volatile,2022,2,466180.0,40.00660720185002,10,11.11111111111111,27.55,0.5124750525548072,0.4875249474451928,0.25940984561183617,0.21505641597666136,14.0,0.0,0.7156531668698932,0.3333792154163799,0.0,1.3887026663907414,0.5,55.1,6.0,0.0,0.0,0.0,0,Routine Monitoring,LABOR_CONTRACTION
SETUP-0146,volatile,2022,3,452580.0,-2.9173280707023035,9,0.0,22.5,0.6756998762649697,0.32430012373503025,0.3048468443869647,0.34261346060365017,14.0,1.0,0.4771021112465955,0.14333362626125443,0.21461967636276158,1.348189653685533,0.6666666666666666,50.0,3.0,1.0,6.0,1.0,1,Additional Review or Follow-up,SEVERE_SALES_CONTRACTION|SALES_CONTRACTION|EMPLOYMENT_BELOW_BASELINE|SUSTAINED_DECLINE
SETUP-0147,growing,2022,2,316410.0,-23.705150462962962,11,-8.333333333333332,34.1,0.8353231250592584,0.16467687494074154,0.3606237409649224,0.36229891596346514,0.0,2.0,0.0,-0.26892618275819624,0.0,0.8019191925182392,0.18181818181818182,62.0,1.0,1.0,8.0,2.0,0,Routine Monitoring,
SETUP-0147,growing,2022,3,359880.0,13.738503839954488,14,16.666666666666664,42.3,0.579118539513171,0.42088146048682895,0.25132023800030306,0.2793292208513949,0.0,2.0,0.3333333333333333,-0.07539802568262435,0.18721827151458725,0.9120908915756895,0.42857142857142855,60.42857142857143,4.0,1.0,0.0,0.0,1,Additional Review or Follow-up,SEVERE_SALES_CONTRACTION|SALES_CONTRACTION
SETUP-0147,growing,2022,4,252900.0,-29.726575525175058,12,0.0,36.05,0.8283223013048636,0.17167769869513633,0.3391387289194416,0.3683471727955714,7.0,2.0,0.5,-0.13155345224010537,0.19228156240128794,0.6409575038331996,0.5833333333333334,60.083333333333336,2.0,1.0,3.0,2.0,0,Routine Monitoring,SUSTAINED_DECLINE
SETUP-0147,growing,2023,1,243090.0,-3.879003558718861,13,8.333333333333332,40.05,0.5929740836727139,0.4070259163272862,0.2984539918431352,0.27323213624583487,4.666666666666667,2.0,0.6,-0.11155696591258062,0.17850261957992078,0.6160947394496342,0.46153846153846156,61.61538461538461,6.0,0.0,0.0,0.0,0,Routine Monitoring,
SETUP-0147,growing,2023,2,295240.0,21.45295980912419,15,25.0,46.55,0.6084771033735267,0.3915228966264734,0.32756295437079364,0.27729982387210406,4.666666666666667,3.0,0.5,-0.07079427682845253,0.20894311245104386,0.7482652962898926,0.4,62.06666666666667,4.0,1.0,0.0,0.0,0,Routine Monitoring,
SETUP-0147,growing,2023,3,351450.0,19.038748137108794,15,25.0,46.75,0.5714674918196045,0.4285325081803955,0.22806889486649348,0.18521838099302887,3.5,3.0,0.5714285714285714,0.12174887107501663,0.11415195179421785,0.8907256414479161,0.8,62.333333333333336,5.0,0.0,0.0,0.0,0,Routine Monitoring,
SETUP-0148,growing,2022,2,369570.0,25.448065173116092,22,15.789473684210526,67.9,0.4420999269421219,0.557900073057878,0.23161653075305255,0.18932813810644802,0.0,1.0,0.5,0.22575545417588871,0.0,0.7548436464456724,0.6363636363636364,61.72727272727273,6.0,0.0,0.0,0.0,0,Routine Monitoring,SALES_CONTRACTION
SETUP-0148,growing,2022,3,310575.0,-15.96314635928241,20,5.263157894736842,64.6,0.5669496900909603,0.4330503099090397,0.3558377877378743,0.25323995814215566,0.0,1.0,0.6666666666666666,0.024583352569133465,0.2070560576619925,0.6343468503798054,0.6,64.6,4.0,1.0,0.0,0.0,0,Routine Monitoring,
SETUP-0149,stable,2022,2,483030.0,10.980148883374689,6,0.0,16.75,0.7345749953419043,0.26542500465809576,0.3843043053503821,0.32240233525867956,21.0,1.0,0.5,0.1040870332255219,0.0,1.059476756710091,0.16666666666666666,55.833333333333336,3.0,0.0,0.0,3.0,0,Routine Monitoring,
SETUP-0149,stable,2022,3,469680.0,-2.763803490466431,6,0.0,17.85,0.6840873360585931,0.3159126639414069,0.4592108225609702,0.39720660875489694,19.0,1.0,0.546380871244104,0.03722036096401167,0.0687197618692056,1.0301949011274567,0.16666666666666666,59.5,3.0,1.0,0.0,3.0,0,Routine Monitoring,
SETUP-0150,growing,2022,2,124620.0,4.661123708742757,11,0.0,32.95,0.6579952656074466,0.3420047343925534,0.32941594551275216,0.30665222275718185,0.0,1.0,0.5,0.045549673765850056,0.0,1.1979408337195256,0.45454545454545453,59.90909090909091,3.0,1.0,2.0,2.0,0,Routine Monitoring,SALES_CONTRACTION
SETUP-0150,growing,2022,3,98550.0,-20.919595570534426,11,0.0,33.25,0.589499441907661,0.41050055809233893,0.41319820563396237,0.2976661593099949,4.5,1.0,0.5781967325485783,-0.08993688639551192,0.1279035963963859,0.9473364561311126,0.36363636363636365,60.45454545454545,3.0,0.0,0.0,1.0,0,Routine Monitoring,SUSTAINED_DECLINE
SETUP-0151,growing,2022,2,150660.0,20.14354066985646,16,6.666666666666667,48.8,0.7357519580512412,0.2642480419487588,0.3919433561461741,0.23383778043276252,0.0,1.0,0.5,0.18300369484894588,0.0,1.0745268072007845,0.375,61.0,4.0,0.0,4.0,1.0,0,Routine Monitoring,
SETUP-0151,growing,2022,3,165120.0,9.597769812823577,17,13.333333333333334,50.9,0.5964934593023256,0.40350654069767444,0.4298666910338806,0.29069767441860467,3.5,1.0,0.6666666666666667,0.135046919624643,0.05272885428516442,1.1776574167329985,0.5294117647058824,59.88235294117647,3.0,1.0,0.0,1.0,0,Routine Monitoring,
SETUP-0151,growing,2022,4,195480.0,18.386627906976745,18,20.0,54.8,0.43740832821772047,0.5625916717822795,0.2937869526989081,0.23825966850828728,2.3333333333333335,1.0,0.75,0.14117425313354068,0.046133146919731194,1.3941889039666093,0.5555555555555556,60.888888888888886,5.0,0.0,0.0,0.0,0,Routine Monitoring,
SETUP-0152,recovering,2022,2,346980.0,7.018274346518622,18,5.88235294117647,49.9,0.7272185428554959,0.2727814571445041,0.3521079455026981,0.39467692662401294,0.0,1.0,0.3306562998323532,0.06780342816278186,0.0,0.949380894786158,0.3333333333333333,55.44444444444444,3.0,1.0,2.0,1.0,0,Routine Monitoring,
SETUP-0152,recovering,2022,3,361180.0,4.092454896535823,17,0.0,46.3,0.7196428096793842,0.2803571903206158,0.27035538046447183,0.29305332521180577,0.0,2.0,0.22043753322156878,0.05369363173622244,0.01462909724991399,0.9882338797016097,0.17647058823529413,54.470588235294116,2.0,1.0,0.0,3.0,0,Routine Monitoring,EMPLOYMENT_BELOW_BASELINE
SETUP-0153,declining,2022,2,195500.0,12.29823654431616,12,-14.285714285714285,29.75,0.6735333503836317,0.32646664961636834,0.45767372387493915,0.35823529411764704,13.5,0.0,1.0,0.1158581130441841,0.0,0.6117724546933211,0.16666666666666666,49.583333333333336,2.0,0.0,11.0,2.0,0,Routine Monitoring,EMPLOYMENT_BELOW_BASELINE
SETUP-0153,declining,2022,3,218580.0,11.805626598465473,13,-7.142857142857142,31.8,0.5787277884527404,0.42127221154725963,0.32029951069705914,0.23481105316131393,13.0,0.0,1.0,0.11346209429246647,0.0024630497292534304,0.683996026326681,0.38461538461538464,48.92307692307692,3.0,0.0,0.0,0.0,1,Additional Review or Follow-up,SEVERE_SALES_CONTRACTION|SALES_CONTRACTION|EMPLOYMENT_BELOW_BASELINE
SETUP-0154,growing,2022,2,506010.0,31.00243359395226,14,0.0,43.6,0.49322122092448767,0.5067787790755124,0.2886119503938838,0.35807592735321436,7.0,0.0,1.0,0.2684165106974346,0.0,1.3723642837537071,0.5,62.285714285714285,5.0,1.0,0.0,1.0,0,Routine Monitoring,
SETUP-0154,growing,2022,3,534060.0,5.543368708128297,15,7.142857142857142,47.95,0.44745751413698837,0.5525424858630116,0.19216956698512896,0.27694453806688385,4.666666666666667,0.0,1.0,0.1554338757510534,0.1272953244291198,1.4484394960208393,0.4666666666666667,63.93333333333333,3.0,0.0,0.0,0.0,0,Routine Monitoring,
SETUP-0154,growing,2022,4,555415.0,3.998614387896491,17,21.428571428571427,52.0,0.6016399629106164,0.3983600370893836,0.3260563073015412,0.18882277216135682,4.0,0.0,1.0,0.10808958771183982,0.1238169124367739,1.506357006108704,0.5882352941176471,61.1764705882353,4.0,1.0,0.0,0.0,0,Routine Monitoring,
SETUP-0154,growing,2023,1,753540.0,35.67152489579864,20,42.857142857142854,62.75,0.4353015898293389,0.5646984101706611,0.26390844917991485,0.2997717440348223,4.0,0.0,1.0,0.1300871638232884,0.14580296145521995,2.043697520562377,0.45,62.75,8.0,1.0,0.0,0.0,0,Routine Monitoring,LABOR_CONTRACTION
SETUP-0154,growing,2023,2,816420.0,8.34461342463572,16,14.285714285714285,47.8,0.5376850885573602,0.4623149114426398,0.3581676264211284,0.28124004801450236,3.3333333333333335,0.0,1.0,0.15720707593906225,0.1401911812974495,2.2142361782221727,0.625,59.75,5.0,1.0,0.0,0.0,1,Additional Review or Follow-up,SEVERE_SALES_CONTRACTION|SALES_CONTRACTION
SETUP-0155,growing,2022,2,104805.0,47.032828282828284,24,33.33333333333333,74.0,0.45017489623586665,0.5498251037641334,0.26496367785220104,0.23080959877868423,0.0,0.0,1.0,0.38078200868898543,0.0,1.7426660620835073,0.75,61.666666666666664,6.0,0.0,0.0,0.0,0,Routine Monitoring,LABOR_CONTRACTION
SETUP-0155,growing,2022,3,127440.0,21.59725203950193,20,11.11111111111111,60.3,0.5259598242310107,0.47404017576898927,0.2406168019726587,0.25102008788449465,0.0,0.0,1.0,0.27753891771682726,0.12717788121663176,2.1190340437185458,0.7,60.3,5.0,0.0,0.0,0.0,0,Routine Monitoring,
SETUP-0155,growing,2022,4,129240.0,1.4124293785310735,24,33.33333333333333,73.5,0.5524837511606314,0.44751624883936864,0.30591963923084464,0.2791318477251625,0.0,0.0,1.0,0.1816366850369138,0.18665524967681021,2.1489639030931014,0.6666666666666666,61.25,5.0,1.0,0.0,0.0,0,Routine Monitoring,SALES_CONTRACTION
SETUP-0155,growing,2023,1,113400.0,-12.256267409470752,24,33.33333333333333,77.35,0.544273897707231,0.455726102292769,0.17286901987114203,0.209347442680776,0.0,0.0,1.0,0.023235099023974224,0.13905718714971374,1.8855811405970109,0.625,64.45833333333333,4.0,1.0,0.0,0.0,0,Routine Monitoring,
SETUP-0156,volatile,2022,2,263520.0,61.05610561056105,13,-13.333333333333334,31.65,0.5070578703703704,0.4929421296296296,0.2948196559658895,0.30601092896174864,9.5,0.0,0.8766868019079351,0.46776232616940583,0.0,0.9114080554091275,0.6153846153846154,48.69230769230769,4.0,1.0,0.0,0.0,0,Routine Monitoring,
SETUP-0156,volatile,2022,3,473475.0,79.67326958105647,17,13.333333333333334,44.65,0.5855118432863404,0.4144881567136596,0.2944443510586807,0.17736944928454512,6.333333333333333,0.0,0.9177912012719568,0.5160723505604503,0.0930858198524771,1.6375566523787062,0.5294117647058824,52.529411764705884,6.0,1.0,0.0,0.0,1,Additional Review or Follow-up,SALES_CONTRACTION|EMPLOYMENT_BELOW_BASELINE|LABOR_CONTRACTION
SETUP-0156,volatile,2022,4,385500.0,-18.580706478694754,13,-13.333333333333334,36.2,0.8735038651102466,0.12649613488975345,0.3911563708681472,0.32431906614785994,6.333333333333333,1.0,0.6883434009539676,0.27232245950012246,0.42612549593327187,1.333287057377879,0.15384615384615385,55.69230769230769,2.0,2.0,19.0,2.0,1,Additional Review or Follow-up,SEVERE_SALES_CONTRACTION|SEVERE_EMPLOYMENT_SHORTFALL|SALES_CONTRACTION|EMPLOYMENT_BELOW_BASELINE|SUSTAINED_DECLINE|LABOR_CONTRACTION
SETUP-0157,stable,2022,2,550260.0,26.49655172413793,5,0.0,14.25,0.7881569258168866,0.21184307418311346,0.42190786288207854,0.32753607385599537,3.0,0.0,1.0,0.2339686986176238,0.0,1.2251698187544207,0.6,57.0,3.0,2.0,2.0,0.0,0,Routine Monitoring,
SETUP-0157,stable,2022,3,537390.0,-2.338894340857049,5,0.0,14.65,0.7212171048958856,0.27878289510411436,0.2547428643849604,0.2841790878133199,3.0,1.0,0.6666666666666666,0.10086690966407251,0.1441772303249749,1.196514391197685,0.2,58.6,3.0,2.0,0.0,2.0,1,Additional Review or Follow-up,SALES_CONTRACTION|SUSTAINED_DECLINE
SETUP-0157,stable,2022,4,473460.0,-11.896388098029364,5,0.0,14.2,0.6712357538123601,0.3287642461876399,0.4459336920625866,0.29729016178769063,3.0,2.0,0.5,0.02054195410072591,0.16319199547615962,1.054172395572035,0.4,56.8,4.0,0.0,2.0,0.0,1,Additional Review or Follow-up,SALES_CONTRACTION|SUSTAINED_DECLINE
SETUP-0158,growing,2022,2,411750.0,40.625,21,16.666666666666664,67.75,0.550010540376442,0.449989459623558,0.3337586200257839,0.24609593199757135,5.0,0.0,1.0,0.33766233766233766,0.0,1.5592655830701816,0.47619047619047616,64.52380952380952,4.0,1.0,0.0,0.0,0,Routine Monitoring,LABOR_CONTRACTION
SETUP-0158,growing,2022,3,390360.0,-5.194899817850637,18,0.0,57.1,0.5111841889537863,0.4888158110462137,0.311575745044272,0.27361922328107385,3.3333333333333335,0.0,0.8215679596003008,0.13365482094418718,0.2290994990892532,1.478263298135461,0.3888888888888889,63.44444444444444,3.0,0.0,0.0,0.0,0,Routine Monitoring,SUSTAINED_DECLINE
SETUP-0158,growing,2022,4,380090.0,-2.6309048058202684,20,11.11111111111111,61.8,0.49087897603199243,0.5091210239680076,0.3003639385718127,0.32504143755426346,2.5,0.0,0.8661759697002256,0.06521491525423728,0.21021445637754926,1.439371597982138,0.7,61.8,4.0,1.0,0.0,0.0,0,Routine Monitoring,
SETUP-0158,growing,2023,1,448985.0,18.12597016496093,21,16.666666666666664,64.65,0.5063971402162656,0.4936028597837344,0.29010362733497086,0.1761751506175039,2.0,0.0,0.8929407757601805,0.024873941337126077,0.10441822455499493,1.7002716643953018,0.47619047619047616,61.57142857142857,4.0,1.0,0.0,0.0,0,Routine Monitoring,
SETUP-0158,growing,2023,2,689070.0,53.472833168145925,24,33.33333333333333,75.4,0.4167224955374635,0.5832775044625365,0.2283381804351906,0.23001291595919138,1.6666666666666667,0.0,0.9107839798001504,0.20225778816403414,0.23160977712451383,2.6094550949026596,0.5833333333333334,62.833333333333336,4.0,0.0,0.0,0.0,1,Additional Review or Follow-up,SEVERE_SALES_CONTRACTION|SALES_CONTRACTION
SETUP-0158,growing,2023,3,428940.0,-37.75088162305716,21,16.666666666666664,64.3,0.5256992120110039,0.4743007879889961,0.29798771955296965,0.23044015480020516,1.4285714285714286,0.0,0.923529125542986,0.07942847898268438,0.3755498107251529,1.6243627910191225,0.6190476190476191,61.23809523809524,6.0,1.0,0.0,0.0,0,Routine Monitoring,SUSTAINED_DECLINE
SETUP-0159,stable,2022,2,475275.0,5.223831030818278,20,5.263157894736842,62.4,0.6969872600073641,0.30301273999263584,0.34880339836350005,0.25893430119404554,7.0,1.0,0.5,0.05090862015955467,0.0,1.306169353008582,0.5,62.4,4.0,0.0,5.0,1.0,0,Routine Monitoring,
SETUP-0159,stable,2022,3,582705.0,22.603755720372416,22,15.789473684210526,64.1,0.3719791832917171,0.6280208167082829,0.2541251232444798,0.28510138062999285,7.5,1.0,0.6666666666666666,0.13018659830690354,0.08689962344777069,1.6014126828570108,0.2727272727272727,58.27272727272727,6.0,0.0,0.0,0.0,0,Routine Monitoring,
SETUP-0159,stable,2022,4,531010.0,-8.871555933105087,20,5.263157894736842,61.55,0.5844627973107852,0.41553720268921485,0.2602898823249808,0.3010206964087305,5.0,1.0,0.75,0.06770717460441913,0.12873042287236666,1.459342460977512,0.4,61.55,4.0,0.0,0.0,0.0,0,Routine Monitoring,
SETUP-0160,stable,2022,2,446100.0,4.699876782256645,14,7.6923076923076925,41.3,0.6791799372338041,0.32082006276619596,0.34325082561789033,0.2808338937457969,0.0,0.0,1.0,0.04591968354974632,0.0,1.1006205923596282,0.21428571428571427,59.0,3.0,1.0,0.0,2.0,0,Routine Monitoring,
SETUP-0160,stable,2022,3,440000.0,-1.3674064111185833,13,0.0,36.15,0.68318325,0.31681675,0.4056028092822027,0.3013409090909091,0.0,1.0,0.6666666666666666,0.015918227370587002,0.03033641596687614,1.0855706358176112,0.23076923076923078,55.61538461538461,4.0,1.0,5.0,1.0,1,Additional Review or Follow-up,EMPLOYMENT_BELOW_BASELINE|SUSTAINED_DECLINE
SETUP-0161,volatile,2022,2,103980.0,3.86574767755469,11,0.0,28.1,0.7665985766493556,0.23340142335064437,0.36215075675955066,0.3406905174071937,13.5,0.0,1.0,0.03792444509775099,0.0,1.2410243403925196,0.36363636363636365,51.09090909090909,2.0,1.0,4.0,1.0,0,Routine Monitoring,
SETUP-0161,volatile,2022,3,94830.0,-8.799769186381996,12,9.090909090909092,31.4,0.7713020141305494,0.22869798586945053,0.4511751501211948,0.32774438468838973,13.5,1.0,0.6666666666666667,-0.026495383380168606,0.06332758431968344,1.1318170628911581,0.5,52.333333333333336,1.0,2.0,5.0,2.0,0,Routine Monitoring,
SETUP-0162,stable,2022,2,259725.0,11.219355529386576,20,5.263157894736842,60.35,0.6415000096255655,0.35849999037443453,0.2643957794799332,0.29400327269227067,10.0,1.0,0.5,0.10623416117587431,0.0,1.1051274595229117,0.45,60.35,4.0,0.0,0.0,1.0,0,Routine Monitoring,
SETUP-0162,stable,2022,3,268785.0,3.4883049379151023,19,0.0,55.6,0.7342258682590174,0.2657741317409826,0.3322443145110005,0.2827910783711889,5.0,1.0,0.6666666666666667,0.069406260867283,0.03865525295735736,1.143677675263705,0.3157894736842105,58.526315789473685,3.0,2.0,2.0,2.0,0,Routine Monitoring,
SETUP-0163,growing,2022,2,437700.0,28.15670429092187,20,11.11111111111111,62.7,0.5534828878227097,0.44651711217729034,0.3854541325238651,0.29211788896504454,13.5,0.0,0.9030976936695074,0.24681899555333114,0.0,1.2355619456123246,0.55,62.7,5.0,0.0,0.0,1.0,0,Routine Monitoring,
SETUP-0163,growing,2022,3,549015.0,25.431802604523646,20,11.11111111111111,61.25,0.5244563263298816,0.4755436736701184,0.21247628669850796,0.15876615393022048,9.0,0.0,0.9353984624463383,0.2343083003952569,0.013624508431991117,1.5497876206770627,0.5,61.25,5.0,1.0,0.0,0.0,0,Routine Monitoring,
SETUP-0164,volatile,2022,2,572460.0,39.157702825888784,26,18.181818181818183,67.9,0.4197494497432135,0.5802505502567865,0.26020516811847627,0.20810187611361491,0.0,0.0,1.0,0.32746344661452376,0.0,1.4986188117394739,0.6153846153846154,52.23076923076923,4.0,1.0,0.0,0.0,1,Additional Review or Follow-up,SEVERE_SALES_CONTRACTION|SALES_CONTRACTION|LABOR_CONTRACTION
SETUP-0164,volatile,2022,3,373600.0,-34.73779827411522,22,0.0,55.95,0.9085981531049251,0.0914018468950749,0.40811964521551136,0.284796573875803,0.0,1.0,0.6666666666666667,-0.04174233020365616,0.36947750550002,0.978031632019473,0.0,50.86363636363637,1.0,0.0,10.0,2.0,1,Additional Review or Follow-up,EMPLOYMENT_BELOW_BASELINE|SUSTAINED_DECLINE
SETUP-0164,volatile,2022,4,348700.0,-6.664882226980728,20,-9.090909090909092,50.05,0.5942658445655292,0.40573415543447083,0.2854746031401333,0.27147978204760537,0.0,1.0,0.75,-0.09070442843034109,0.304564224191031,0.9128469756027575,0.6,50.05,3.0,1.0,0.0,1.0,1,Additional Review or Follow-up,SEVERE_SALES_CONTRACTION|SALES_CONTRACTION|EMPLOYMENT_BELOW_BASELINE|SUSTAINED_DECLINE
SETUP-0165,volatile,2022,2,500575.0,32.259300359332066,10,0.0,26.8,0.43994514308545174,0.5600548569145481,0.23176185650401857,0.16205363831593667,0.0,1.0,0.5,0.2777869416589406,0.0,1.1549505623708836,0.6,53.6,7.0,0.0,0.0,0.0,0,Routine Monitoring,
SETUP-0165,volatile,2022,3,669990.0,33.84407930879488,11,10.0,26.85,0.5015119927163092,0.49848800728369075,0.27243397345099085,0.3488708786698309,0.0,1.0,0.6666666666666666,0.28228037274578854,0.007923894747314086,1.545832946677058,0.45454545454545453,48.81818181818182,6.0,0.0,0.0,0.0,0,Routine Monitoring,
SETUP-0165,volatile,2022,4,635170.0,-5.197092493917819,11,10.0,32.8,0.5871996315946911,0.41280036840530887,0.28554413487633207,0.2999669379851064,0.0,2.0,0.5,0.17204991266885358,0.1804225283304776,1.4654945786367959,0.45454545454545453,59.63636363636363,3.0,1.0,0.0,1.0,1,Additional Review or Follow-up,SUSTAINED_DECLINE|LABOR_CONTRACTION
SETUP-0165,volatile,2023,1,631575.0,-0.5659902073460649,10,0.0,26.85,0.6434892451411155,0.3565107548588845,0.28904914454730785,0.2629458100779797,0.0,3.0,0.4,0.05878283845715153,0.17415552079880506,1.4572000228325241,0.3,53.7,3.0,0.0,2.0,1.0,1,Additional Review or Follow-up,SALES_CONTRACTION|SUSTAINED_DECLINE
SETUP-0166,stable,2022,2,312750.0,33.00586884409288,23,9.523809523809524,66.45,0.6222962430055956,0.3777037569944044,0.2577944093495558,0.28492406075139887,11.0,1.0,0.5,0.28330504298308057,0.0,1.059436343619091,0.391304347826087,57.78260869565217,4.0,0.0,6.0,0.0,0,Routine Monitoring,
SETUP-0166,stable,2022,3,332085.0,6.182254196642686,23,9.523809523809524,67.85,0.5955527349925471,0.40444726500745287,0.2848770463558606,0.3235617387114745,10.0,1.0,0.6666666666666667,0.16525185374584506,0.13411807323725097,1.1249333914332402,0.30434782608695654,59.0,4.0,1.0,0.0,1.0,0,Routine Monitoring,
SETUP-0166,stable,2022,4,342150.0,3.030850535254528,22,4.761904761904762,62.1,0.6288618734473185,0.3711381265526815,0.34343684656279505,0.32433143358176236,10.0,2.0,0.5,0.11140104326480516,0.13449243557444285,1.1590284411487515,0.36363636363636365,56.45454545454545,4.0,0.0,0.0,1.0,0,Routine Monitoring,SALES_CONTRACTION
SETUP-0166,stable,2023,1,306780.0,-10.33757124068391,21,0.0,61.7,0.5552985201121325,0.4447014798878675,0.2889363989723076,0.32238085924766935,6.666666666666667,2.0,0.6,-0.0024254791248797115,0.07161243516287584,1.039213050345211,0.47619047619047616,58.76190476190476,4.0,0.0,1.0,1.0,0,Routine Monitoring,EMPLOYMENT_BELOW_BASELINE
SETUP-0167,growing,2022,2,209400.0,26.678765880217785,21,-8.695652173913043,66.95,0.7503241642788921,0.2496758357211079,0.38375746923265514,0.2890162368672397,0.0,2.0,0.0,0.2353883106485188,0.0,1.1410453888402328,0.23809523809523808,63.76190476190476,3.0,1.0,0.0,0.0,0,Routine Monitoring,
SETUP-0167,growing,2022,3,218340.0,4.269340974212034,26,13.043478260869565,78.4,0.6667121003938812,0.3332878996061188,0.3510703997089508,0.2749152697627553,0.0,3.0,0.0,0.13415621205989478,0.11204712453002875,1.1897605071603459,0.38461538461538464,60.30769230769231,5.0,0.0,5.0,0.0,1,Additional Review or Follow-up,SALES_CONTRACTION|EMPLOYMENT_BELOW_BASELINE
SETUP-0167,growing,2022,4,178725.0,-18.143720802418247,21,-8.695652173913043,67.6,0.7136689327178627,0.2863310672821373,0.2973179716767824,0.3794097076514198,0.0,4.0,0.0,0.025507764669297002,0.18298703582604003,0.9738936825237374,0.47619047619047616,64.38095238095238,2.0,1.0,0.0,1.0,0,Routine Monitoring,
SETUP-0168,growing,2022,2,361820.0,19.55458630716363,16,6.666666666666667,50.5,0.6038928472721242,0.3961071527278758,0.35873302995951817,0.27991819136587254,1.5,0.0,1.0,0.17812960900580924,0.0,1.4401338541967361,0.125,63.125,5.0,0.0,0.0,1.0,1,Additional Review or Follow-up,SEVERE_SALES_CONTRACTION|SALES_CONTRACTION|EMPLOYMENT_BELOW_BASELINE|LABOR_CONTRACTION
SETUP-0168,growing,2022,3,255075.0,-29.50223868221768,13,-13.333333333333334,37.9,0.9325710477310595,0.06742895226894052,0.37539627862568137,0.3373909634421249,4.0,0.0,1.0,-0.07759084754794543,0.24528412494690655,1.0152621271881943,0.3076923076923077,58.30769230769231,3.0,1.0,7.0,3.0,0,Routine Monitoring,
SETUP-0168,growing,2022,4,257760.0,1.0526315789473684,16,6.666666666666667,48.55,0.5655083022967101,0.4344916977032898,0.21135335115831996,0.1841247672253259,3.0,0.0,1.0,-0.08201342908956549,0.20227853468479157,1.02594909694807,0.6875,60.6875,5.0,0.0,0.0,1.0,0,Routine Monitoring,
SETUP-0169,stable,2022,4,42480.0,-13.684852179213655,12,0.0,35.2,0.7528561676082862,0.24714383239171378,0.36629839972258815,0.2922551789077213,8.0,1.0,0.6666666666666666,-0.2882687618531563,0.10082977136199624,0.6229722787601503,0.16666666666666666,58.666666666666664,3.0,1.0,0.0,2.0,0,Routine Monitoring,
SETUP-0169,stable,2023,1,47580.0,12.005649717514125,12,0.0,35.3,0.7177236233711644,0.28227637662883565,0.28664900500127527,0.27784783522488443,5.333333333333333,1.0,0.75,-0.16322920322920323,0.18766051416241983,0.6977641483853095,0.4166666666666667,58.833333333333336,3.0,0.0,0.0,2.0,0,Routine Monitoring,
SETUP-0169,stable,2023,2,53780.0,13.030685161832704,12,0.0,35.4,0.6736435477872815,0.3263564522127184,0.3000454061782765,0.24470063220528077,6.0,1.0,0.8,0.038942270337468596,0.12359308326514812,0.7886875977335425,0.3333333333333333,59.0,3.0,1.0,1.0,1.0,0,Routine Monitoring,
SETUP-0170,declining,2022,2,326700.0,-5.61622464898596,18,-21.73913043478261,44.8,0.8850527701254973,0.11494722987450263,0.35634871760961234,0.4174931129476584,21.0,1.0,0.21536065000972396,-0.05778491171749599,0.0,0.9044227393137657,0.2222222222222222,49.77777777777778,1.0,2.0,8.0,4.0,1,Additional Review or Follow-up,SEVERE_EMPLOYMENT_SHORTFALL|SALES_CONTRACTION|EMPLOYMENT_BELOW_BASELINE|SUSTAINED_DECLINE
SETUP-0170,declining,2022,3,276030.0,-15.509641873278238,17,-26.08695652173913,42.0,0.8644191935659168,0.13558080643408324,0.4077952393663133,0.3178640002898236,21.0,2.0,0.1435737666731493,-0.11083183154699801,0.04946708612146139,0.7641500114257078,0.058823529411764705,49.411764705882355,1.0,2.0,3.0,3.0,1,Additional Review or Follow-up,SEVERE_EMPLOYMENT_SHORTFALL|SALES_CONTRACTION|EMPLOYMENT_BELOW_BASELINE|SUSTAINED_DECLINE
SETUP-0170,declining,2022,4,231900.0,-15.987392674709271,15,-34.78260869565217,40.35,0.8683263044415697,0.13167369555843036,0.4146228684278444,0.3548727899956878,21.0,3.0,0.10768032500486198,-0.13326558093447496,0.04780389063896331,0.6419823484752442,0.06666666666666667,53.8,1.0,1.0,14.0,5.0,1,Additional Review or Follow-up,SEVERE_EMPLOYMENT_SHORTFALL|SALES_CONTRACTION|EMPLOYMENT_BELOW_BASELINE|SUSTAINED_DECLINE|LABOR_CONTRACTION
SETUP-0170,declining,2023,1,174660.0,-24.68305304010349,14,-39.130434782608695,33.4,0.8629517920531318,0.13704820794686817,0.4151087331236951,0.4168098019008359,21.0,4.0,0.08614426000388957,-0.19825818149392146,0.04216294152902394,0.4835215048929976,0.14285714285714285,47.714285714285715,4.0,1.0,17.0,3.0,1,Additional Review or Follow-up,SEVERE_EMPLOYMENT_SHORTFALL|EMPLOYMENT_BELOW_BASELINE
SETUP-0171,volatile,2022,2,521400.0,69.69341925405195,23,53.333333333333336,62.0,0.5345280398925968,0.46547196010740316,0.29087736145713866,0.30429612581511317,0.0,0.0,1.0,0.516834407356455,0.0,2.5544329000963204,0.782608695652174,53.91304347826087,5.0,0.0,0.0,0.0,0,Routine Monitoring,
SETUP-0171,volatile,2022,3,546795.0,4.87054085155351,20,33.33333333333333,55.05,0.5507025119103137,0.4492974880896863,0.28789088307180316,0.2722043910423468,0.0,0.0,1.0,0.26122446753983225,0.3241143920124922,2.6788475980210347,0.45,55.05,3.0,1.0,0.0,0.0,0,Routine Monitoring,
SETUP-0171,volatile,2022,4,722610.0,32.153732203110856,23,53.333333333333336,59.75,0.46722122583412906,0.5327787741658709,0.24259601948031734,0.23396437912566945,0.0,0.0,1.0,0.2424033573792995,0.26574018636826013,3.5401970808181855,0.5652173913043478,51.95652173913044,5.0,0.0,0.0,0.0,1,Additional Review or Follow-up,SEVERE_SALES_CONTRACTION|SALES_CONTRACTION
SETUP-0171,volatile,2023,1,510480.0,-29.356084194793873,22,46.666666666666664,58.0,0.6778761949537689,0.322123805046231,0.3304197198584774,0.2826947186961291,1.2,0.0,1.0,0.024865238334235002,0.2516455157931688,2.500933845111564,0.3181818181818182,52.72727272727273,5.0,1.0,0.0,1.0,0,Routine Monitoring,
SETUP-0172,recovering,2022,2,111300.0,15.57632398753894,15,-6.25,39.8,0.6770465408805031,0.32295345911949686,0.30605499707518835,0.3087151841868823,7.0,1.0,0.5,0.14450867052023122,0.0,1.3114836774780017,0.4,53.06666666666667,2.0,1.0,6.0,2.0,0,Routine Monitoring,EMPLOYMENT_BELOW_BASELINE
SETUP-0173,growing,2022,2,271080.0,22.10810810810811,16,-5.88235294117647,50.5,0.5849196916039545,0.4150803083960454,0.2835465533148549,0.2968865279622252,0.5,0.0,0.7709076035296089,0.1990752007787783,0.0,1.2824339032416676,0.375,63.125,3.0,1.0,0.0,0.0,0,Routine Monitoring,
SETUP-0173,growing,2022,3,309440.0,14.150804190644827,19,11.76470588235294,59.0,0.5498915460186142,0.4501084539813857,0.27998693452995926,0.23626551189245087,0.5,1.0,0.5139384023530725,0.16343517918556547,0.039786519587316396,1.4639086137638397,0.631578947368421,62.10526315789474,5.0,0.0,0.0,0.0,0,Routine Monitoring,
SETUP-0174,declining,2022,2,469575.0,13.770170082860881,13,0.0,33.4,0.6714135974019061,0.32858640259809396,0.4002662847489005,0.30727785763722515,13.0,1.0,0.5,0.1288315397562095,0.0,1.102826334344417,0.38461538461538464,51.38461538461539,3.0,0.0,0.0,2.0,0,Routine Monitoring,
SETUP-0174,declining,2022,3,626865.0,33.49624660597348,14,7.6923076923076925,35.65,0.5394550341780128,0.46054496582198723,0.3145661999563054,0.2555334880715944,10.5,1.0,0.6666666666666667,0.21282252614002306,0.09863038261556302,1.4722317629320405,0.35714285714285715,50.92857142857143,4.0,2.0,0.0,0.0,1,Additional Review or Follow-up,SALES_CONTRACTION|EMPLOYMENT_BELOW_BASELINE|LABOR_CONTRACTION
SETUP-0174,declining,2022,4,546820.0,-12.769097014508707,11,-15.384615384615385,25.45,0.7215104239054899,0.27848957609451,0.3872346052390156,0.3622947222120625,12.333333333333334,1.0,0.75,0.1088579766536965,0.18955892702629762,1.2842410608448365,0.2727272727272727,46.27272727272727,1.0,0.0,3.0,2.0,1,Additional Review or Follow-up,SALES_CONTRACTION|EMPLOYMENT_BELOW_BASELINE|SUSTAINED_DECLINE
SETUP-0174,declining,2023,1,488175.0,-10.724735744852055,11,-15.384615384615385,27.3,0.8771325037128078,0.12286749628719215,0.3494165357136118,0.34899370102934396,12.333333333333334,2.0,0.6,-0.004549986276851042,0.2134415536288353,1.146509600742343,0.09090909090909091,49.63636363636363,2.0,1.0,10.0,3.0,1,Additional Review or Follow-up,SEVERE_EMPLOYMENT_SHORTFALL|EMPLOYMENT_BELOW_BASELINE|SUSTAINED_DECLINE
SETUP-0174,declining,2023,2,486330.0,-0.37793823936088494,9,-30.76923076923077,24.15,0.8612003989060927,0.13879960109390738,0.38944681270878073,0.30554356095655216,12.333333333333334,3.0,0.5,-0.0894241198404238,0.0542398426140204,1.1421765025431938,0.0,53.666666666666664,2.0,2.0,20.0,3.0,1,Additional Review or Follow-up,SEVERE_SALES_CONTRACTION|SEVERE_EMPLOYMENT_SHORTFALL|SALES_CONTRACTION|EMPLOYMENT_BELOW_BASELINE|SUSTAINED_DECLINE|LABOR_CONTRACTION
SETUP-0174,declining,2023,3,214215.0,-55.9527481339831,7,-46.15384615384615,18.35,0.8640744579044417,0.13592554209555824,0.41856217454013883,0.3714959269892398,17.0,3.0,0.5714285714285714,-0.23039745554697674,0.24132018422084495,0.5030973608296636,0.14285714285714285,52.42857142857143,1.0,2.0,8.0,3.0,1,Additional Review or Follow-up,SEVERE_EMPLOYMENT_SHORTFALL|EMPLOYMENT_BELOW_BASELINE
SETUP-0175,declining,2022,2,544820.0,30.47705718938596,9,0.0,22.75,0.7445607356558129,0.25543926434418707,0.37804876786132574,0.29473954700635074,0.0,2.0,0.0,0.2644693364367506,0.0,1.2804601063889793,0.3333333333333333,50.55555555555556,3.0,0.0,0.0,1.0,1,Additional Review or Follow-up,SEVERE_EMPLOYMENT_SHORTFALL|EMPLOYMENT_BELOW_BASELINE|LABOR_CONTRACTION
SETUP-0175,declining,2022,3,519730.0,-4.605190705187034,7,-22.22222222222222,17.3,0.7536826813922614,0.24631731860773864,0.40862514886593837,0.32290804840975124,0.0,3.0,0.0,0.10340325616857048,0.17541123947286497,1.221492476585926,0.5714285714285714,49.42857142857143,1.0,0.0,15.0,4.0,1,Additional Review or Follow-up,SEVERE_EMPLOYMENT_SHORTFALL|SALES_CONTRACTION|EMPLOYMENT_BELOW_BASELINE|SUSTAINED_DECLINE
SETUP-0175,declining,2022,4,447680.0,-13.862967309949397,7,-22.22222222222222,18.95,0.7633839349535382,0.23661606504646182,0.32530358588977987,0.30885900643316655,0.0,4.0,0.0,0.01352893319998549,0.19097726210210983,1.0521573738633279,0.2857142857142857,54.142857142857146,1.0,1.0,10.0,1.0,1,Additional Review or Follow-up,SEVERE_EMPLOYMENT_SHORTFALL|SALES_CONTRACTION|EMPLOYMENT_BELOW_BASELINE|SUSTAINED_DECLINE
SETUP-0176,declining,2023,1,143300.0,-8.055564466972505,9,-25.0,23.85,0.88603258897418,0.11396741102581995,0.4685056849153179,0.35900209351011864,0.0,4.0,0.0,-0.10927261046470127,0.1655663158254746,0.5763420439208432,0.3333333333333333,53.0,2.0,2.0,4.0,4.0,1,Additional Review or Follow-up,SEVERE_EMPLOYMENT_SHORTFALL|EMPLOYMENT_BELOW_BASELINE|SUSTAINED_DECLINE|LABOR_CONTRACTION
SETUP-0177,stable,2022,2,375540.0,13.408226127921724,10,-9.090909090909092,30.35,0.8348317622623423,0.16516823773765768,0.3563979477451505,0.3038557810086808,18.0,1.0,0.5,0.12565800645270844,0.0,0.8034364676847451,0.3,60.7,3.0,0.0,0.0,2.0,0,Routine Monitoring,EMPLOYMENT_BELOW_BASELINE
SETUP-0177,stable,2022,3,398160.0,6.023326409969644,10,-9.090909090909092,30.8,0.7177508539280691,0.2822491460719309,0.3058810199521534,0.3064848302190074,18.0,2.0,0.33333333333333337,0.09099055066797002,0.0369244985897604,0.8518300686301276,0.1,61.6,4.0,2.0,8.0,2.0,0,Routine Monitoring,SALES_CONTRACTION
SETUP-0177,stable,2022,4,336090.0,-15.589210367691381,12,9.090909090909092,36.45,0.7456690767353984,0.2543309232646016,0.34127814032149784,0.3405635395281026,13.0,2.0,0.5,0.010401615623243323,0.12303973220635654,0.7190364872561271,0.3333333333333333,60.75,2.0,1.0,0.0,3.0,0,Routine Monitoring,
SETUP-0177,stable,2023,1,382380.0,13.773096492011069,12,9.090909090909092,35.15,0.583222318112872,0.416777681887128,0.3391543211357388,0.2568387467963806,13.0,3.0,0.39999999999999997,-0.011138141096523854,0.12424463978661812,0.8180700764586804,0.4166666666666667,58.583333333333336,3.0,1.0,0.0,0.0,0,Routine Monitoring,
SETUP-0178,growing,2022,2,601230.0,65.00082331631813,23,21.052631578947366,71.6,0.4593997471849376,0.5406002528150624,0.2307252611838073,0.19792758179066247,0.0,1.0,0.5,0.4905707273122689,0.0,1.8390214361480994,0.5652173913043478,62.26086956521739,3.0,0.0,0.0,0.0,0,Routine Monitoring,
SETUP-0178,growing,2022,3,618300.0,2.8391796816526123,22,15.789473684210526,70.05,0.4597919941775837,0.5402080058224162,0.2631814715280088,0.1670467410642083,0.0,1.0,0.6666666666666667,0.240468208420933,0.3108082181733276,1.8912345591044524,0.5,63.68181818181818,6.0,1.0,0.0,0.0,0,Routine Monitoring,
SETUP-0178,growing,2022,4,598920.0,-3.1344007763221735,23,21.052631578947366,70.9,0.6408230147599012,0.3591769852400988,0.27743692758854754,0.17708542042342884,1.0,1.0,0.75,0.1320652547381152,0.30807939750448465,1.8319556884018091,0.34782608695652173,61.65217391304348,4.0,0.0,0.0,0.0,0,Routine Monitoring,SUSTAINED_DECLINE
SETUP-0179,growing,2022,2,360780.0,35.54240631163708,16,6.666666666666667,51.1,0.5424624979211707,0.4575375020788292,0.3014436898911766,0.20980930206774212,9.5,0.0,1.0,0.30179199464076367,0.0,1.470688467108724,0.375,63.875,5.0,0.0,0.0,0.0,0,Routine Monitoring,
SETUP-0179,growing,2022,3,378780.0,4.989190088142358,16,6.666666666666667,49.5,0.6160386504039284,0.3839613495960717,0.23921480950456134,0.2634114789587623,6.333333333333333,0.0,1.0,0.16794433921460425,0.1527660811174736,1.5440639103371652,0.5625,61.875,5.0,0.0,0.0,0.0,0,Routine Monitoring,
SETUP-0179,growing,2022,4,390720.0,3.152225566291779,18,20.0,56.8,0.4581522573710074,0.5418477426289926,0.24664580182309012,0.2259930384930385,4.75,0.0,1.0,0.1121797694877386,0.14854843089676908,1.5927362876786977,0.6111111111111112,63.111111111111114,5.0,0.0,0.0,0.0,0,Routine Monitoring,SALES_CONTRACTION
SETUP-0179,growing,2023,1,334680.0,-14.342751842751845,18,20.0,58.05,0.6221271662483566,0.3778728337516434,0.2731771692827632,0.3015716505318513,4.6,0.0,1.0,-0.018119266055045873,0.08712523884978897,1.364294074427484,0.5555555555555556,64.5,6.0,1.0,0.0,1.0,0,Routine Monitoring,
SETUP-0179,growing,2023,2,444330.0,32.7626389386877,19,26.666666666666668,57.75,0.5417125784889609,0.45828742151103913,0.21222330864068278,0.24135214817815587,3.8333333333333335,0.0,1.0,0.036321366991495053,0.19441561023571355,1.8112728160940719,0.42105263157894735,60.78947368421053,6.0,0.0,0.0,0.0,0,Routine Monitoring,
SETUP-0179,growing,2023,3,471900.0,6.204847748295186,20,33.33333333333333,60.35,0.511614515787243,0.48838548421275696,0.2708555230857162,0.27661580843399025,3.2857142857142856,0.0,1.0,0.08605836881635935,0.1928280167097272,1.9236595366389677,0.55,60.35,5.0,0.0,0.0,1.0,0,Routine Monitoring,
SETUP-0180,recovering,2022,2,291060.0,-2.131809011432414,18,-5.263157894736842,49.05,0.9109342747199889,0.0890657252800111,0.317569857310873,0.38024805881948737,0.0,2.0,0.0,-0.021547768752336608,0.0,0.9126096751863949,0.1111111111111111,54.5,2.0,0.0,10.0,3.0,0,Routine Monitoring,
SETUP-0180,recovering,2022,3,309620.0,6.376692090977805,19,0.0,55.35,0.7010662747884504,0.2989337252115496,0.39550268413750883,0.2322847361281571,0.0,3.0,0.0,0.02041020844468199,0.0425425055120511,0.9708039841655041,0.3157894736842105,58.26315789473684,3.0,2.0,0.0,1.0,1,Additional Review or Follow-up,SEVERE_SALES_CONTRACTION|SALES_CONTRACTION|EMPLOYMENT_BELOW_BASELINE|LABOR_CONTRACTION
SETUP-0180,recovering,2022,4,191400.0,-38.18228796589367,16,-15.789473684210526,45.8,0.8044172936259143,0.19558270637408567,0.3138877827606411,0.3497126436781609,0.0,4.0,0.0,-0.10993868634577963,0.1931474487870296,0.6001288113470624,0.4375,57.25,2.0,0.0,0.0,1.0,1,Additional Review or Follow-up,SALES_CONTRACTION|SUSTAINED_DECLINE
SETUP-0180,recovering,2023,1,159500.0,-16.666666666666664,19,0.0,54.15,0.7337889028213165,0.26621109717868346,0.3702583567421311,0.26749216300940437,0.0,5.0,0.0,-0.21559931902730195,0.18194691064623864,0.5001073427892186,0.2631578947368421,57.0,4.0,3.0,0.0,0.0,1,Additional Review or Follow-up,EMPLOYMENT_BELOW_BASELINE|LABOR_CONTRACTION
SETUP-0180,recovering,2023,2,223245.0,39.96551724137931,17,-10.526315789473683,45.35,0.5112131066765213,0.48878689332347874,0.20962215632805808,0.3163564693498175,5.0,5.0,0.16666666666666669,-0.13172053656797905,0.32959917868021277,0.6999778290970479,0.5294117647058824,53.35294117647059,4.0,2.0,0.0,1.0,0,Routine Monitoring,
SETUP-0180,recovering,2023,3,221090.0,-0.9653071737328943,20,5.263157894736842,56.2,0.6223737392012303,0.37762626079876965,0.24580130858431515,0.251820525577819,5.0,6.0,0.14285714285714288,0.07686532911655046,0.2387250704011213,0.6932208928982342,0.35,56.2,2.0,0.0,0.0,0.0,0,Routine Monitoring,
SETUP-0181,stable,2022,2,401000.0,40.75114075114075,15,0.0,46.9,0.7044570074812968,0.2955429925187032,0.2808232484537532,0.30614713216957606,0.0,1.0,0.5,0.33853331389415364,0.0,1.2074459972788805,0.5333333333333333,62.53333333333333,4.0,0.0,0.0,0.0,0,Routine Monitoring,
SETUP-0181,stable,2022,3,439250.0,9.53865336658354,16,6.666666666666667,45.05,0.609739328400683,0.39026067159931704,0.29759767462699943,0.25406943653955605,6.0,1.0,0.6666666666666667,0.20577256365817892,0.15606243692278604,1.3226200855480006,0.25,56.3125,5.0,0.0,0.0,2.0,0,Routine Monitoring,EMPLOYMENT_BELOW_BASELINE
SETUP-0181,stable,2022,4,411460.0,-6.326693227091633,14,-6.666666666666667,40.55,0.6692968453798668,0.33070315462013317,0.37007071599986174,0.32801487386380207,6.0,1.0,0.7499999999999999,0.10879273205302582,0.1955690001380756,1.2389419701754816,0.42857142857142855,57.92857142857143,1.0,0.0,6.0,3.0,1,Additional Review or Follow-up,SEVERE_SALES_CONTRACTION|SALES_CONTRACTION|EMPLOYMENT_BELOW_BASELINE|SUSTAINED_DECLINE
SETUP-0182,declining,2023,1,222165.0,-6.778700906344411,14,-12.5,37.85,0.7506678369680192,0.24933216303198075,0.44817539046694377,0.253235208066077,0.0,3.0,0.25,-0.21745669742582133,0.23217370679671287,0.7178360173870343,0.14285714285714285,54.07142857142857,2.0,1.0,3.0,3.0,1,Additional Review or Follow-up,EMPLOYMENT_BELOW_BASELINE|SUSTAINED_DECLINE
SETUP-0182,declining,2023,2,207975.0,-6.387144689757612,13,-18.75,32.85,0.8599576872220219,0.14004231277797807,0.4092941727047906,0.32943863445125615,0.0,4.0,0.2,-0.2502126267582597,0.18035736270815844,0.6719867923213307,0.0,50.53846153846154,1.0,2.0,16.0,2.0,1,Additional Review or Follow-up,EMPLOYMENT_BELOW_BASELINE|SUSTAINED_DECLINE
SETUP-0183,declining,2022,2,257420.0,-5.706959706959707,13,-18.75,33.6,0.8747779115841814,0.12522208841581856,0.41044880676729695,0.3417372387537876,0.0,2.0,0.0,-0.058745899475887035,0.0,0.8385774557334565,0.38461538461538464,51.69230769230769,1.0,2.0,12.0,3.0,1,Additional Review or Follow-up,SEVERE_EMPLOYMENT_SHORTFALL|SALES_CONTRACTION|EMPLOYMENT_BELOW_BASELINE|SUSTAINED_DECLINE
SETUP-0183,declining,2022,3,231310.0,-10.142957035195401,12,-25.0,30.1,0.8573118326055942,0.14268816739440582,0.46829663225499335,0.4298992693787558,0.0,3.0,0.0,-0.08209601827419165,0.022179986641178467,0.7535209046915774,0.16666666666666666,50.166666666666664,2.0,2.0,12.0,3.0,1,Additional Review or Follow-up,SEVERE_EMPLOYMENT_SHORTFALL|SALES_CONTRACTION|EMPLOYMENT_BELOW_BASELINE|SUSTAINED_DECLINE
SETUP-0183,declining,2022,4,187660.0,-18.87077947343392,11,-31.25,25.95,0.9608304380262176,0.03916956197378236,0.43348085380332835,0.37248214856655654,0.0,4.0,0.0,-0.11886790465456767,0.05468486563470851,0.6113256364810056,0.09090909090909091,47.18181818181818,1.0,2.0,7.0,3.0,1,Additional Review or Follow-up,SEVERE_EMPLOYMENT_SHORTFALL|SALES_CONTRACTION|EMPLOYMENT_BELOW_BASELINE|SUSTAINED_DECLINE
SETUP-0183,declining,2023,1,146800.0,-21.7734200149206,10,-37.5,25.65,0.9339784741144415,0.06602152588555853,0.37521242372073876,0.36130790190735695,0.0,5.0,0.0,-0.1824657733937487,0.04942647465897201,0.47821913799110954,0.2,51.3,3.0,2.0,14.0,4.0,1,Additional Review or Follow-up,SEVERE_EMPLOYMENT_SHORTFALL|EMPLOYMENT_BELOW_BASELINE
SETUP-0184,declining,2022,2,59050.0,-13.983976693372178,12,-25.0,29.0,0.8353217612193057,0.16467823878069432,0.4211025681312499,0.357493649449619,0.0,2.0,0.0,-0.15035238841033674,0.0,0.8185601478481813,0.16666666666666666,48.333333333333336,1.0,1.0,17.0,4.0,1,Additional Review or Follow-up,SEVERE_EMPLOYMENT_SHORTFALL|SALES_CONTRACTION|EMPLOYMENT_BELOW_BASELINE|SUSTAINED_DECLINE
SETUP-0185,volatile,2022,2,76800.0,11.038820212535242,24,14.285714285714285,64.75,0.741284375,0.258715625,0.40583418700369434,0.3430989583333333,0.0,2.0,0.0,0.1046141198232453,0.0,0.983266733442598,0.375,53.958333333333336,4.0,2.0,2.0,1.0,0,Routine Monitoring,
SETUP-0185,volatile,2022,3,114945.0,49.66796875,26,23.809523809523807,72.25,0.4975079385793206,0.5024920614206795,0.2933285302971616,0.23798338335725783,0.0,2.0,0.3333333333333333,0.26319420489824075,0.19314574268732382,1.4716353473380133,0.6923076923076923,55.57692307692308,6.0,0.0,0.0,0.0,0,Routine Monitoring,SALES_CONTRACTION
SETUP-0185,volatile,2022,4,98610.0,-14.2111444603941,28,33.33333333333333,74.9,0.6378621843626406,0.3621378156373593,0.2751383594074302,0.20652063685224623,0.0,3.0,0.25,0.14072096128170894,0.2626851291578325,1.2624991221975859,0.35714285714285715,53.5,4.0,0.0,0.0,0.0,1,Additional Review or Follow-up,SEVERE_SALES_CONTRACTION|SALES_CONTRACTION|SUSTAINED_DECLINE
SETUP-0185,volatile,2023,1,52250.0,-47.01348747591522,24,14.285714285714285,64.35,0.8136135885167464,0.18638641148325363,0.3691730506540495,0.37722488038277513,0.0,4.0,0.2,-0.10505976270048598,0.4014396148006684,0.6689542554996841,0.125,53.625,2.0,2.0,1.0,3.0,0,Routine Monitoring,SUSTAINED_DECLINE
SETUP-0185,volatile,2023,2,49680.0,-4.91866028708134,24,14.285714285714285,60.7,0.6883365539452495,0.31166344605475044,0.3336838559200107,0.32991143317230276,0.0,5.0,0.16666666666666666,-0.3070256906033567,0.1805644989555737,0.6360506681956806,0.3333333333333333,50.583333333333336,3.0,2.0,6.0,1.0,0,Routine Monitoring,
SETUP-0185,volatile,2023,3,67615.0,36.101046698872786,29,38.095238095238095,74.5,0.4332265029948975,0.5667734970051024,0.23229101128236782,0.26643496265621536,3.5,5.0,0.2857142857142857,-0.14253696556096287,0.3393231273573797,0.8656716169494956,0.6206896551724138,51.37931034482759,5.0,1.0,0.0,0.0,0,Routine Monitoring,SALES_CONTRACTION
SETUP-0186,declining,2022,2,445660.0,22.604162368120605,12,-7.6923076923076925,27.85,0.7899727819413902,0.2100272180586098,0.34614918675483247,0.30215859623928554,3.0,1.0,0.2948913595977764,0.20308840704191408,0.0,1.1086320748632876,0.4166666666666667,46.416666666666664,3.0,1.0,0.0,1.0,1,Additional Review or Follow-up,SALES_CONTRACTION|EMPLOYMENT_BELOW_BASELINE
SETUP-0186,declining,2022,3,387920.0,-12.956065161782524,11,-15.384615384615385,26.55,0.7585933697669623,0.24140663023303766,0.39866424959580116,0.37235770261909673,3.0,2.0,0.19659423973185092,0.030605851763673954,0.17780113764951566,0.9649969808395784,0.09090909090909091,48.27272727272727,1.0,1.0,12.0,4.0,1,Additional Review or Follow-up,SEVERE_EMPLOYMENT_SHORTFALL|SALES_CONTRACTION|EMPLOYMENT_BELOW_BASELINE|SUSTAINED_DECLINE
SETUP-0186,declining,2022,4,295260.0,-23.88636832336564,10,-23.076923076923077,23.95,0.8012525570683466,0.1987474429316534,0.48654939475943293,0.3259838786154576,3.0,3.0,0.1474456797988882,-0.07034479523699437,0.19847671996591718,0.7344942476868785,0.0,47.9,3.0,2.0,9.0,3.0,1,Additional Review or Follow-up,SEVERE_EMPLOYMENT_SHORTFALL|EMPLOYMENT_BELOW_BASELINE
SETUP-0186,declining,2023,1,296340.0,0.3657793131477342,9,-30.76923076923077,21.25,0.8804225214280893,0.11957747857191073,0.4148903807336948,0.35493014780319904,13.5,3.0,0.21851422146220068,-0.15173381607937242,0.09916931270428284,0.7371808757011772,0.0,47.22222222222222,2.0,2.0,2.0,3.0,1,Additional Review or Follow-up,SEVERE_EMPLOYMENT_SHORTFALL|EMPLOYMENT_BELOW_BASELINE
SETUP-0186,declining,2023,2,327860.0,10.636431126408855,8,-38.46153846153847,19.25,0.8051498505459648,0.19485014945403528,0.41924318773460195,0.3856524126151406,13.5,4.0,0.18209518455183388,-0.05479661613302942,0.14474025146608266,0.8155906118221906,0.25,48.125,1.0,1.0,13.0,3.0,1,Additional Review or Follow-up,SEVERE_EMPLOYMENT_SHORTFALL|SALES_CONTRACTION|EMPLOYMENT_BELOW_BASELINE
SETUP-0187,stable,2022,2,316110.0,20.70334873420138,10,11.11111111111111,27.75,0.6460916769478979,0.35390832305210207,0.35335502000528407,0.3366233273227674,0.0,2.0,0.0,0.18761245674740484,0.0,1.178736695257989,0.5,55.5,1.0,0.0,0.0,2.0,0,Routine Monitoring,
SETUP-0187,stable,2022,3,327800.0,3.698079782354244,10,11.11111111111111,31.25,0.7599299572910311,0.24007004270896895,0.28974415772559237,0.25970103721781573,4.0,2.0,0.33333333333333337,0.10914661073084567,0.08502634475923569,1.2223273186725152,0.2,62.5,5.0,2.0,0.0,2.0,1,Additional Review or Follow-up,SALES_CONTRACTION|LABOR_CONTRACTION
SETUP-0187,stable,2022,4,263430.0,-19.63697376449054,9,0.0,26.3,0.782821128952663,0.21717887104733702,0.3757471502202736,0.32141365827734125,3.0,2.0,0.5,0.005579740512987179,0.16536308587997234,0.9822992237885927,0.3333333333333333,58.44444444444444,2.0,0.0,0.0,3.0,1,Additional Review or Follow-up,SALES_CONTRACTION|EMPLOYMENT_BELOW_BASELINE|SUSTAINED_DECLINE|LABOR_CONTRACTION
SETUP-0187,stable,2023,1,211200.0,-19.826898986448015,8,-11.11111111111111,21.4,0.7221721117424242,0.27782788825757576,0.33988149308873594,0.3333806818181818,3.0,3.0,0.39999999999999997,-0.13556958177624404,0.11045287691523305,0.7875397489433655,0.125,53.5,4.0,1.0,0.0,3.0,0,Routine Monitoring,
SETUP-0187,stable,2023,2,245640.0,16.30681818181818,9,0.0,26.7,0.631572504478098,0.36842749552190196,0.30832888625957017,0.3005007327796776,2.6666666666666665,3.0,0.5,-0.1140038356216665,0.16989008758821159,0.9159624239131076,0.0,59.333333333333336,4.0,2.0,0.0,2.0,0,Routine Monitoring,
SETUP-0188,stable,2022,2,339060.0,33.184067876502475,13,-7.142857142857142,38.55,0.6325741756621247,0.3674258243378753,0.3412824749651017,0.2477437621659883,11.0,1.0,0.5,0.2846169395593289,0.0,1.2430257150807327,0.15384615384615385,59.30769230769231,2.0,0.0,11.0,2.0,0,Routine Monitoring,
SETUP-0188,stable,2022,3,354135.0,4.446115731728898,14,0.0,40.05,0.6614073728945177,0.3385926271054824,0.3745884663414843,0.2977819193245514,5.5,1.0,0.5714282375889387,0.15756113001503522,0.1436897607238679,1.2982920769483728,0.42857142857142855,57.214285714285715,3.0,1.0,8.0,2.0,1,Additional Review or Follow-up,SALES_CONTRACTION|EMPLOYMENT_BELOW_BASELINE
SETUP-0188,stable,2022,4,307250.0,-13.239301396360146,13,-7.142857142857142,38.85,0.5709346786004882,0.4290653213995118,0.35122456043700456,0.28128559804719283,9.666666666666666,1.0,0.678571178191704,0.05516543495149499,0.19130467517997354,1.126407275876114,0.46153846153846156,59.76923076923077,2.0,2.0,0.0,1.0,1,Additional Review or Follow-up,SALES_CONTRACTION|SUSTAINED_DECLINE
SETUP-0188,stable,2023,1,273330.0,-11.039869812855981,14,0.0,41.5,0.6736023488091318,0.32639765119086817,0.33946746429541896,0.3427724728350346,11.5,1.0,0.7428569425533632,-0.07664618947616338,0.07869965597638437,1.0020533790568533,0.21428571428571427,59.285714285714285,3.0,1.0,2.0,2.0,0,Routine Monitoring,EMPLOYMENT_BELOW_BASELINE
SETUP-0189,declining,2022,2,118925.0,0.2317741255794353,11,-21.428571428571427,26.65,0.8074380491906663,0.19256195080933367,0.4110149100381288,0.3440403615724196,20.0,1.0,0.5,0.002315058402609702,0.0,0.7353506540539834,0.18181818181818182,48.45454545454545,2.0,1.0,13.0,3.0,1,Additional Review or Follow-up,SEVERE_EMPLOYMENT_SHORTFALL|EMPLOYMENT_BELOW_BASELINE
SETUP-0189,declining,2022,3,123060.0,3.4769812907294515,11,-21.428571428571427,28.8,0.7996984397854705,0.2003015602145295,0.4982825579567465,0.36380627336258736,20.0,2.0,0.33333333333333337,0.018342645611213553,0.01622603582575008,0.7609186587166971,0.0,52.36363636363637,1.0,1.0,7.0,3.0,1,Additional Review or Follow-up,SEVERE_EMPLOYMENT_SHORTFALL|SALES_CONTRACTION|EMPLOYMENT_BELOW_BASELINE
SETUP-0189,declining,2022,4,100460.0,-18.365025190963756,10,-28.57142857142857,25.85,0.9107188930917779,0.08928110690822211,0.48470097874300394,0.37696595659964166,20.0,3.0,0.25,-0.04375237207083139,0.0962315241436477,0.6211757553606321,0.0,51.7,2.0,0.0,17.0,3.0,1,Additional Review or Follow-up,SEVERE_SALES_CONTRACTION|SEVERE_EMPLOYMENT_SHORTFALL|SALES_CONTRACTION|EMPLOYMENT_BELOW_BASELINE|SUSTAINED_DECLINE
SETUP-0189,declining,2023,1,70710.0,-29.613776627513438,9,-35.714285714285715,23.65,0.8604072974119644,0.1395927025880356,0.36965617675387985,0.379154292179324,20.0,4.0,0.19999999999999998,-0.16191986058501046,0.13738049010893316,0.43722215470386516,0.0,52.55555555555556,1.0,2.0,11.0,5.0,1,Additional Review or Follow-up,SEVERE_EMPLOYMENT_SHORTFALL|EMPLOYMENT_BELOW_BASELINE
SETUP-0190,volatile,2022,2,429680.0,1.57919621749409,11,0.0,31.85,0.6239869437721095,0.3760130562278905,0.2782462029032275,0.21385682368274064,0.0,1.0,0.5,0.015668246000844398,0.0,1.0206898134275322,0.18181818181818182,57.90909090909091,4.0,1.0,0.0,2.0,0,Routine Monitoring,
SETUP-0190,volatile,2022,3,520470.0,21.129677899832433,14,27.27272727272727,37.25,0.5408464849078717,0.45915351509212826,0.24881385727181687,0.34713816358291544,0.0,1.0,0.6666666666666667,0.1064741652405054,0.09775240841169172,1.2363582833611704,0.35714285714285715,53.214285714285715,6.0,1.0,0.0,0.0,0,Routine Monitoring,
SETUP-0191,growing,2022,2,405045.0,41.99649430324277,10,25.0,31.55,0.5163837104519251,0.48361628954807495,0.2714067178864808,0.22866595069683615,0.0,1.0,0.5,0.34708349328910104,0.0,0.9432384662727596,0.4,63.1,4.0,0.0,0.0,0.0,0,Routine Monitoring,
SETUP-0191,growing,2022,3,456015.0,12.583786986631115,11,37.5,32.5,0.4951483832768659,0.5048516167231342,0.270230101106273,0.24262359790796356,0.0,1.0,0.6666666666666666,0.22345395224677445,0.14706353658305826,1.06193358564449,0.6363636363636364,59.09090909090909,4.0,2.0,0.0,0.0,0,Routine Monitoring,
SETUP-0191,growing,2022,4,445750.0,-2.251022444437135,11,37.5,32.45,0.5788673920358945,0.4211326079641054,0.23791856253691915,0.2966909702748177,0.0,1.0,0.75,0.13378139014861248,0.18387863330906873,1.0380292222866165,0.5454545454545454,59.0,6.0,0.0,0.0,0.0,0,Routine Monitoring,SUSTAINED_DECLINE
SETUP-0192,volatile,2022,2,400020.0,-9.913521304386991,15,7.142857142857142,38.25,0.7645606469676516,0.23543935303234842,0.327643236461733,0.374268786560672,0.0,1.0,0.5,-0.1043053811340426,0.0,1.2194613557918432,0.2,51.0,3.0,1.0,12.0,2.0,0,Routine Monitoring,
SETUP-0192,volatile,2022,3,474440.0,18.604069796510174,16,14.285714285714285,45.4,0.5638250358317174,0.43617496416828255,0.44802087766725485,0.24646952196273503,0.5,1.0,0.5828773666547196,0.03458475540386803,0.14258795550448583,1.446330797564827,0.25,56.75,4.0,1.0,4.0,0.0,0,Routine Monitoring,
SETUP-0192,volatile,2022,4,445590.0,-6.080853216423573,15,7.142857142857142,40.9,0.4718738526448079,0.528126147355192,0.2669136027115089,0.27207747032024954,0.3333333333333333,1.0,0.6871580249910397,0.017928790481211276,0.1263719277470246,1.3583815447409815,0.3333333333333333,54.53333333333333,6.0,0.0,0.0,0.0,1,Additional Review or Follow-up,SALES_CONTRACTION|SUSTAINED_DECLINE
SETUP-0193,stable,2022,2,266520.0,20.837867247007615,21,10.526315789473683,62.4,0.6447464730601831,0.35525352693981693,0.3394027962294449,0.25622842563409876,0.0,0.0,1.0,0.18871643261887164,0.0,1.108273662923464,0.42857142857142855,59.42857142857143,4.0,1.0,0.0,1.0,0,Routine Monitoring,
SETUP-0193,stable,2022,3,253080.0,-5.042773525438991,19,0.0,55.35,0.7486598308835152,0.2513401691164848,0.26743773698568796,0.24462620515252095,1.3333333333333333,0.0,1.0,0.06590466926070039,0.12940320386223303,1.0523859320601465,0.2631578947368421,58.26315789473684,2.0,1.0,0.0,2.0,0,Routine Monitoring,SUSTAINED_DECLINE
SETUP-0194,growing,2022,2,336960.0,22.946692450833726,17,-5.555555555555555,53.75,0.8182582502374168,0.18174174976258314,0.29316905574235924,0.24919871794871795,1.0,0.0,0.7666873840367016,0.20584913997676055,0.0,1.2033131608038095,0.23529411764705882,63.23529411764706,1.0,1.0,0.0,0.0,0,Routine Monitoring,
SETUP-0194,growing,2022,3,364210.0,8.08701329534663,20,11.11111111111111,60.85,0.5643956508607672,0.43560434913923285,0.41211559490547073,0.3028609867933335,0.6666666666666666,0.0,0.7116036288139299,0.1386427956195398,0.0742983957774355,1.3006252561026692,0.4,60.85,5.0,1.0,0.0,1.0,0,Routine Monitoring,
SETUP-0195,stable,2022,2,650820.0,62.41265721700938,11,10.0,33.0,0.5972159429642605,0.4027840570357395,0.37504564164955406,0.2685074214068406,0.5,0.0,1.0,0.47568328356505696,0.0,1.7064563633081833,0.7272727272727273,60.0,3.0,0.0,0.0,1.0,0,Routine Monitoring,
SETUP-0195,stable,2022,3,717830.0,10.296241664361883,10,0.0,28.5,0.516704205731162,0.483295794268838,0.3158134661584406,0.2286753130964156,0.3333333333333333,0.0,1.0,0.26883297444853255,0.2605820777632375,1.882157234371275,0.4,57.0,4.0,1.0,0.0,0.0,1,Additional Review or Follow-up,SALES_CONTRACTION|EMPLOYMENT_BELOW_BASELINE
SETUP-0195,stable,2022,4,612290.0,-14.702645473162168,9,-10.0,26.25,0.6303336654199807,0.3696663345800193,0.2523816741676966,0.24713779418249524,0.3333333333333333,1.0,0.7500000000000001,0.1178539338108714,0.3212447152555835,1.6054303289541925,0.5555555555555556,58.333333333333336,3.0,1.0,0.0,0.0,0,Routine Monitoring,SUSTAINED_DECLINE
SETUP-0195,stable,2023,1,589935.0,-3.651047706152313,11,10.0,33.95,0.5882343139498419,0.41176568605015806,0.3048632843967701,0.2564519819980167,0.3333333333333333,2.0,0.6000000000000001,-0.04483998638595809,0.10228549653371091,1.5468153017550368,0.5454545454545454,61.72727272727273,3.0,1.0,0.0,1.0,0,Routine Monitoring,LABOR_CONTRACTION
SETUP-0195,stable,2023,2,651800.0,10.4867485400934,10,0.0,28.15,0.5489214022706351,0.45107859772936487,0.29482138491516335,0.28063056152193927,2.25,2.0,0.6666666666666667,-0.034285758722789585,0.10309222767660099,1.7090259328297746,0.4,56.3,5.0,1.0,0.0,1.0,0,Routine Monitoring,
SETUP-0196,stable,2022,4,312525.0,-3.45227062094532,12,0.0,35.75,0.6981920486361091,0.3018079513638909,0.3772317976052242,0.26415486761059115,7.0,2.0,0.3333333333333333,0.054665224658342344,0.0970260084161016,1.1289713946229425,0.3333333333333333,59.583333333333336,3.0,1.0,10.0,1.0,1,Additional Review or Follow-up,EMPLOYMENT_BELOW_BASELINE|SUSTAINED_DECLINE
SETUP-0196,stable,2023,1,300330.0,-3.9020878329733626,11,-8.333333333333332,33.95,0.5958664136116938,0.4041335863883062,0.2542920471873174,0.29059700995571536,5.0,2.0,0.5,0.01721449017865956,0.09255544663853979,1.084917939195611,0.18181818181818182,61.72727272727273,3.0,1.0,0.0,2.0,0,Routine Monitoring,EMPLOYMENT_BELOW_BASELINE
SETUP-0197,stable,2022,4,386280.0,-32.83255086071987,13,-13.333333333333334,39.85,0.7063103707155431,0.29368962928445685,0.36569883977253975,0.3037175106140623,4.0,1.0,0.4849313778908618,-0.08428665973338376,0.28054164887290584,0.9839629551244192,0.3076923076923077,61.30769230769231,2.0,1.0,13.0,2.0,0,Routine Monitoring,
SETUP-0197,stable,2023,1,499050.0,29.19384902143523,18,20.0,52.15,0.6236418394950406,0.3763581605049594,0.30445541516351043,0.22778278729586213,2.6666666666666665,1.0,0.6136985334181464,-0.018934634875411596,0.27949244685147717,1.2712196146702945,0.5,57.94444444444444,7.0,2.0,0.0,0.0,0,Routine Monitoring,
SETUP-0197,stable,2023,2,554220.0,11.055004508566276,16,6.666666666666667,47.4,0.7307194976724044,0.26928050232759554,0.3405531333745008,0.2650211107502436,2.25,1.0,0.6909588267345171,0.009953093589457226,0.2603930678138385,1.4117530003858745,0.1875,59.25,3.0,0.0,9.0,2.0,0,Routine Monitoring,
SETUP-0197,stable,2023,3,560385.0,1.112374147450471,16,6.666666666666667,46.05,0.6835342130856464,0.3164657869143535,0.28342886498807757,0.24106640970047377,1.8,1.0,0.742465688945431,0.11550075377449767,0.11625846730731082,1.4274569757880233,0.625,57.5625,4.0,1.0,0.0,2.0,1,Additional Review or Follow-up,SEVERE_SALES_CONTRACTION|SALES_CONTRACTION
SETUP-0198,declining,2022,2,63720.0,12.025316455696203,16,-5.88235294117647,38.05,0.8848959510357816,0.11510404896421846,0.406513226699668,0.3870056497175141,0.0,1.0,0.5,0.11343283582089553,0.0,1.0684384994341318,0.0625,47.5625,1.0,1.0,0.0,3.0,1,Additional Review or Follow-up,EMPLOYMENT_BELOW_BASELINE|LABOR_CONTRACTION
SETUP-0198,declining,2022,3,65700.0,3.1073446327683616,14,-17.647058823529413,31.1,0.8373700152207001,0.16262998477929985,0.360522844500639,0.34406392694063925,0.0,2.0,0.3333333333333333,0.07101449275362319,0.0445898591146392,1.101638565800729,0.14285714285714285,44.42857142857143,1.0,3.0,11.0,3.0,1,Additional Review or Follow-up,SEVERE_EMPLOYMENT_SHORTFALL|SALES_CONTRACTION|EMPLOYMENT_BELOW_BASELINE|LABOR_CONTRACTION
SETUP-0198,declining,2022,4,51345.0,-21.84931506849315,11,-35.294117647058826,26.25,0.8607591781088714,0.13924082189112863,0.3939161022072745,0.3584574934268186,0.0,3.0,0.25,-0.02461654989585306,0.14336649793753956,0.8609380846428986,0.0,47.72727272727273,2.0,2.0,1.0,4.0,1,Additional Review or Follow-up,SEVERE_EMPLOYMENT_SHORTFALL|SALES_CONTRACTION|EMPLOYMENT_BELOW_BASELINE|SUSTAINED_DECLINE
SETUP-0198,declining,2023,1,44730.0,-12.883435582822086,11,-35.294117647058826,28.0,0.7463930248155601,0.2536069751844399,0.4082179561830411,0.3876592890677398,0.0,4.0,0.2,-0.12652165236479745,0.10322181672384888,0.7500196810999484,0.09090909090909091,50.90909090909091,2.0,2.0,3.0,2.0,1,Additional Review or Follow-up,SEVERE_EMPLOYMENT_SHORTFALL|EMPLOYMENT_BELOW_BASELINE
SETUP-0198,declining,2023,2,49475.0,10.6080930024592,10,-41.17647058823529,25.15,0.9093744315310763,0.09062556846892364,0.4780395320873147,0.41020717534108136,0.0,5.0,0.16666666666666666,-0.10469112426035503,0.13685849337947523,0.8295824664077789,0.0,50.3,1.0,1.0,18.0,3.0,1,Additional Review or Follow-up,SEVERE_SALES_CONTRACTION|SEVERE_EMPLOYMENT_SHORTFALL|SALES_CONTRACTION|EMPLOYMENT_BELOW_BASELINE|LABOR_CONTRACTION
SETUP-0199,declining,2022,2,191940.0,18.91456539247878,18,0.0,44.9,0.634165572574763,0.36583442742523703,0.3870192785610853,0.3098885068250495,12.0,1.0,0.5,0.1728031696618084,0.0,1.2005105265771665,0.2777777777777778,49.888888888888886,4.0,1.0,7.0,2.0,1,Additional Review or Follow-up,EMPLOYMENT_BELOW_BASELINE|LABOR_CONTRACTION
SETUP-0199,declining,2022,3,173220.0,-9.753047827446077,15,-16.666666666666664,36.5,0.783646576607782,0.21635342339221794,0.36044618347901763,0.35001731901627986,16.5,1.0,0.6666666666666666,0.03364225079286704,0.1433380660996243,1.0834241607465707,0.3333333333333333,48.666666666666664,1.0,1.0,17.0,2.0,0,Routine Monitoring,
SETUP-0199,declining,2022,4,187000.0,7.95520147788939,18,0.0,43.45,0.6335073262032085,0.36649267379679146,0.3853609482629891,0.3688770053475936,15.666666666666666,1.0,0.75,0.032540605686898275,0.1181111434482853,1.1696127355940926,0.3333333333333333,48.27777777777778,3.0,1.0,6.0,1.0,1,Additional Review or Follow-up,SEVERE_SALES_CONTRACTION|SEVERE_EMPLOYMENT_SHORTFALL|SALES_CONTRACTION|EMPLOYMENT_BELOW_BASELINE|LABOR_CONTRACTION
SETUP-0200,growing,2022,2,498000.0,15.389962463506187,8,0.0,23.95,0.5696144578313252,0.4303855421686747,0.36831341568312254,0.2860843373493976,0.0,1.0,0.5,0.1429032466275092,0.0,1.3396854870418518,0.5,59.875,3.0,1.0,0.0,1.0,0,Routine Monitoring,SALES_CONTRACTION
SETUP-0200,growing,2022,3,376080.0,-24.481927710843372,9,12.5,28.4,0.585817246330568,0.41418275366943197,0.31684714758448335,0.25825622208040844,0.0,1.0,0.6246352062240169,-0.06376085657828225,0.1993594508717478,1.0117046545516057,0.4444444444444444,63.111111111111114,3.0,0.0,0.0,1.0,0,Routine Monitoring,SUSTAINED_DECLINE
SETUP-0200,growing,2022,4,351675.0,-6.4893107849393745,11,37.5,33.7,0.546812938082036,0.45318706191796404,0.2655773434527763,0.25350110186962393,1.3333333333333333,1.0,0.7184764046680127,-0.08728108680502132,0.16303389176616231,0.9460519952920547,0.45454545454545453,61.27272727272727,6.0,0.0,0.0,0.0,0,Routine Monitoring,
SETUP-0200,growing,2023,1,395640.0,12.501599488163787,10,25.0,29.25,0.4725787331917905,0.5274212668082096,0.2904852382227088,0.232382974421191,1.0,1.0,0.7747811237344101,-0.08177772843754914,0.15100295143999612,1.0643236266932494,0.6,58.5,6.0,0.0,0.0,0.0,0,Routine Monitoring,
SETUP-0200,growing,2023,2,480060.0,21.337579617834397,12,50.0,38.35,0.5015482856309628,0.49845171436903724,0.33975332893057436,0.22220139149273008,0.8,1.0,0.8123176031120085,0.08878453090358009,0.11609694451625675,1.2914245279303442,0.5833333333333334,63.916666666666664,6.0,0.0,0.0,0.0,0,Routine Monitoring,
SETUP-0200,growing,2023,3,507450.0,5.705536807899013,12,50.0,37.1,0.5234329096462706,0.47656709035372935,0.22892195173612073,0.33599369395999606,0.6666666666666666,1.0,0.8391293740960074,0.12721628982750421,0.06399841796809198,1.365107229717646,0.5,61.833333333333336,5.0,1.0,0.0,0.0,0,Routine Monitoring,
